video_id,url,discovery_query,source_label,caption,hashtags,create_time,comment_count,gate_verdict,gate_rule,keep
7689732199356124434,https://www.tiktok.com/@buytsaigon/video/7689732199356124434,xe buýt điện,kw_xe_buyt_dien,Cùng BUÝT SÀI GÒN trải nghiệm tuyến xe buýt điện mới toanh tại Nha Trang. Quyết Thắng Bus 101 (Nha Trang - Vạn Giã - Tuy Hoà) với dòng xe Kim Long B60EV đời mới nhất 😊 ,,2026-09-26T06:48:30+00:00,7,accept,electric_bus,1
7687897642659056897,https://www.tiktok.com/@congtyphuongtrang/video/7687897642659056897,xe buýt điện,kw_xe_buyt_dien,"🤔 Đi xe buýt miễn phí, Xác thực như thế nào? 👉 Cùng Công ty Phương Trang tìm hiểu những cách xác thực cực đơn giản nhé: - Cách 1: Xác thực bằng Thẻ ngân hàng - Cách 2: Xác thực bằng mã QR VNeID cấp độ 2 hoặc căn cước công dân - Cách 3: Xác thực bằng các loại ví điện tử - Cách 4: Xác thực bằng ứng dụng Multigo/Thẻ giao thông công cộng 💡 Lưu ý: Xác thực không phải thanh toán. Mỗi lượt lên xe, Quý khách chỉ cần xác thực 01 lần và chờ thiết bị thông báo xác thực thành công. Xác thực đơn giản, sẵn sàng cho hành trình cùng Công ty Phương Trang! #FUTACityBus #xebuytphuongtrang #xebuyttphcm #xebuytdien #FUTABusLines #xacthuc #xebuytmienphi",#FUTACityBus #xebuytphuongtrang #xebuyttphcm #xebuytdien #FUTABusLines #xacthuc #xebuytmienphi,2026-09-23T03:00:00+00:00,62,reject,missing_group:electric_bus,0
7670351332603071764,https://www.tiktok.com/@kimlonghanoi/video/7670351332603071764,xe buýt điện,kw_xe_buyt_dien,"2 cánh chim đầu đàn xe bus điện Việt Nam, bạn thích mẫu nào hơn? #kimlong #xebus #kimlonghanoi #xuhuong #xuhướng",#kimlong #xebus #kimlonghanoi #xuhuong #xuhướng,2026-08-05T01:20:47+00:00,677,accept,electric_bus,1
7680756528961441032,https://www.tiktok.com/@khaixekhachmienbac/video/7680756528961441032,xe buýt điện,kw_xe_buyt_dien,"🚌⚡ **KIMLONG MOTOR CITY BUS – CHẠY THUẦN ĐIỆN, KIẾN TẠO GIAO THÔNG XANH!** Hướng tới tương lai vận tải hiện đại và bền vững, **Kimlong Motor** mang đến dải sản phẩm City Bus thuần điện với các dòng **B30-EV, B40-EV và B60-EV**. 🌿 Vận hành thuần điện – thân thiện môi trường 🔇 Êm ái, giảm tiếng ồn đô thị ⚡ Công nghệ hiện đại, tối ưu chi phí vận hành 🚌 Đa dạng sức chứa, phù hợp nhiều tuyến khai thác ❄️ Trang bị tiện nghi phục vụ hành khách **Kimlong Motor – Đồng hành cùng xu hướng giao thông xanh, vì một tương lai phát triển bền vững!** ⚡🌏 #KimlongMotor #Kimlong #CityBus #XeBuytDien #XeDien     ",#KimlongMotor #Kimlong #CityBus #XeBuytDien #XeDien,2026-09-02T02:18:15+00:00,25,reject,missing_group:electric_bus,0
7687263466813525269,https://www.tiktok.com/@transport_travel_1/video/7687263466813525269,xe buýt điện,kw_xe_buyt_dien,#xebuyttphcm #futabuslines #kimlongmotor 2 chiếc xe buýt KimLong-B60EV livery Bánh da heo của tuyến 74 dắt nhau về trạm sạc và BX An Sương,#xebuyttphcm #futabuslines #kimlongmotor,2026-09-20T01:10:00+00:00,2,reject,missing_group:electric_bus,0
7678326459995327765,https://www.tiktok.com/@thnh.yu.hu.ngha.hi/video/7678326459995327765,xe buýt điện,kw_xe_buyt_dien,Tổng hợp các xe buýt điện Thành phố Hồ Chí Minh ,,2026-08-26T13:08:17+00:00,0,accept,electric_bus,1
7683140671233887509,https://www.tiktok.com/@bachthienhuong1/video/7683140671233887509,xe buýt điện,kw_xe_buyt_dien,Xe buýt điện đưa đón HS miễn phí tại TP Quảng Ninh  #xuhuong #xebuytdien #mienphi #halong #quangninh ,#xuhuong #xebuytdien #mienphi #halong #quangninh,2026-09-08T12:29:52+00:00,5,accept,electric_bus,1
7678186240310643976,https://www.tiktok.com/@hoihamhoc_01/video/7678186240310643976,xe buýt điện,kw_xe_buyt_dien,Xe buýt truyền thống và xe buýt điện khác nhau như thế nào? #hoihamhoc ,#hoihamhoc,2026-08-26T04:04:12+00:00,48,accept,electric_bus,1
7684170276585655572,https://www.tiktok.com/@kimlongmotormb/video/7684170276585655572,xe buýt điện,kw_xe_buyt_dien,"🚌⚡ Những chuyến xe buýt điện 2 tầng đầu tiên đã bắt đầu hành trình trải nghiệm, đưa du khách khám phá những cung đường và thắng cảnh đặc trưng của Thủ đô Hà Nội thân yêu. Từ những tuyến phố trung tâm, những công trình lịch sử đến các điểm tham quan nổi tiếng, hành trình trên xe buýt điện 2 tầng mang đến một góc nhìn mới về Hà Nội – xanh hơn, hiện đại hơn nhưng vẫn giữ trọn nét đẹp và giá trị văn hóa của Thủ đô. Đây cũng là một dấu mốc đáng nhớ trong hành trình Long Giang đồng hành cùng Vietnam Sightseeing và Zhongtong đưa giải pháp giao thông xanh vào lĩnh vực du lịch – tham quan tại Hà Nội. 📷 Em gửi anh /chị một số hình ảnh ghi nhận trong quá trình xe vận hành và trải nghiệm thực tế ạ. Một hành trình mới – một trải nghiệm mới – cùng hướng tới một Hà Nội xanh và văn minh hơn. 🌿@Vũ Hoàng-Chuyên Xe Truck Bus ",,2026-09-11T07:05:18+00:00,1,accept,electric_bus,1
7681985334481112328,https://www.tiktok.com/@bussaigon_city_51/video/7681985334481112328,xe buýt điện,kw_xe_buyt_dien,🔴Miễn Phí Vé🔴 Tuyến: 171/TPHCM Bến Thành🔁 Trung Tâm Hành chính Bình Dương🔁 Bến xe Phú Chánh Đơn Vị: Công Ty Phương Trang (Futa) Loại xe:Kim Long B60-ev #xebuytdien #xuhuongtiktok #viral #benthanh #tuyen171 ,#xebuytdien #xuhuongtiktok #viral #benthanh #tuyen171,2026-09-05T09:46:42+00:00,5,reject,missing_group:electric_bus,0
7681971447216049416,https://www.tiktok.com/@fankimlong/video/7681971447216049416,xe buýt điện,kw_xe_buyt_dien,"Xin chúc mừng bà con Nha Trang sắp được trãi nghiệm xe thế hệ mới! 🚌⚡️ Hôm nay chính thức bàn giao lô xe buýt điện KIM LONG B60-EV cho Công Ty TNHH Quyết Thắng Nha Trang. Mọi khâu chuẩn bị đã hoàn tất, sẵn sàng lăn bánh phục vụ bà con và du khách tại phố biển Nha Trang ! Chúc Công Ty Quyết Thắng khai thác hiệu quả, thượng lộ bình an trên mọi hành trình. #kimlongmotor #b60ev #dulichnhatrang #xebusđiện #quyetthangnhatrang ",#kimlongmotor #b60ev #dulichnhatrang #xebusđiện #quyetthangnhatrang,2026-09-05T08:52:45+00:00,51,accept,electric_bus,1
7688288895091445000,https://www.tiktok.com/@busthudocfs/video/7688288895091445000,xe buýt điện,kw_xe_buyt_dien,"Tuyến xe điện có thể nói là đông đúc bậc nhất của VinBus, thậm trí khi mà có OCT1 gồng gánh cùng nhưng giờ cao điểm xe nào cũng đóng thuyền🤭🤭🤭🚌🚌 #hanoi #vinbus #viral #xuhuong #bus ",#hanoi #vinbus #viral #xuhuong #bus,2026-09-22T09:27:42+00:00,5,accept,electric_bus,1
7686317034698820882,https://www.tiktok.com/@63hung_vlxd_locnuocro_tg/video/7686317034698820882,xe bus điện,kw_xe_bus_dien,XE BUS ĐIỆN MỸ THO  HỒ CHÍ MINH  SÀI GÒN  XE BUÝT MÁY LẠNH  CHẠY VÒNG MỸ THO  #futabus #futabusline_19006067 #xebuyt #xebyttphcm #mientay ,#futabus #futabusline_19006067 #xebuyt #xebyttphcm #mientay,2026-09-17T01:55:57+00:00,19,accept,electric_bus,1
7668938244888792340,https://www.tiktok.com/@xedeptv7/video/7668938244888792340,xe bus điện,kw_xe_bus_dien,Xe bus điện gặp sự cố trưa ngày 1/8 ,,2026-08-01T05:57:19+00:00,3,accept,electric_bus,1
7681504753364372756,https://www.tiktok.com/@hiepkimlonghn/video/7681504753364372756,xe bus điện,kw_xe_bus_dien,"KIMLONG MOTOR có đầy đủ sản phẩm CITY BUS EV hướng tới một ngành vận tải xanh! B30, B40, B60, B80 là dải sản phẩm thuần điện đang được sản xuất và phân phối tại thị trường Việt Nam! Kimlong luôn đổi mới để có những sản phẩm tốt nhất với giá cả phù hợp với Doanh nghiệp vận tải! Cả nhà có nhu cầu tham khảo, cần tư vấn về các dòng xe Kimlong hãy liên hệ tới PKD NHÀ MÁY để được phục vụ! #KIMLONGMOTOR #xekhachvietnam #xedienkimlong #citybus #hiepkimlong ",#KIMLONGMOTOR #xekhachvietnam #xedienkimlong #citybus #hiepkimlong,2026-09-04T02:41:43+00:00,4,reject,missing_group:electric_bus,0
7689455861831421202,https://www.tiktok.com/@buytsaigon/video/7689455861831421202,xe buyt dien,kw_xe_buyt_dien_2,"Đang đi Nha Trang chơi, sẵn admin đột nhập bãi xe Quyết Thắng chụp dàn xe buýt điện Kim Long đầu tiên tại Khánh Hoà 🤝 Từ ngày mai, 26/09/2026, Khánh Hoà chính thức có tuyến buýt điện đầu tiên sử dụng xe KimLong được vận hành bởi công ty Quyết Thắng Nha Trang. Tuyến sử dụng dàn xe B60EV đời mới nhất với màu sơn xanh mint rất là đẹp luôn. Giá cước từ 16-85K/vé tuỳ theo độ dài chặng đường.  Chúc mừng bà con Khánh Hoà & Phú Yên nhennn 🥂👏",,2026-09-25T12:56:04+00:00,0,accept,electric_bus,1
7669778367402560788,https://www.tiktok.com/@bactaikimlong/video/7669778367402560788,xe buyt dien,kw_xe_buyt_dien_2,Buýt điện Kimlong #otomiennam #bactaikimlong #xebuytdien #kimlongmotor #xekhachvietnam🇻🇳 ,#otomiennam #bactaikimlong #xebuytdien #kimlongmotor #xekhachvietnam,2026-08-03T12:17:21+00:00,2,accept,electric_bus,1
7669073991411404052,https://www.tiktok.com/@tttmhoanghuycommerce/video/7669073991411404052,xe buyt dien,kw_xe_buyt_dien_2,Xe buýt xì khói giữa đường phố Hà Nội  #bus  #xebuyt  #xedien  #chay  #viral ,#bus #xebuyt #xedien #chay #viral,2026-08-01T14:44:01+00:00,55,reject,missing_group:electric_bus,0
7684419080907967764,https://www.tiktok.com/@le_minh_khoi_79_/video/7684419080907967764,xe buyt dien,kw_xe_buyt_dien_2,Xe buýt điện tuyến Nha Trang-Tuy Hoà chuẩn bị phục vụ quý khách hàng😊xe buýt QUYẾT THẮNG #xebuytdien#nhatrang#tuyhoa ##giaitritiktok ,#xebuytdien #nhatrang #tuyhoa #giaitritiktok,2026-09-11T23:10:50+00:00,12,accept,electric_bus,1
7670079225390648583,https://www.tiktok.com/@chichishopkm09/video/7670079225390648583,xe buyt dien,kw_xe_buyt_dien_2,"Tuyến xe buýt điện số 9 có lộ trình ra sao, sức chứa bao nhiêu hành khách và giá vé như thế nào? Cùng nghe bác tài chia sẻ để hiểu hơn về chuyến xe nhé! 🚌 #bus #DucMeNuiCui #busso9 #SO9 #xebusdien ",#bus #DucMeNuiCui #busso9 #SO9 #xebusdien,2026-08-04T07:44:51+00:00,0,accept,electric_bus,1
7682594869969210642,https://www.tiktok.com/@kimlongmiennam88/video/7682594869969210642,xe buyt dien,kw_xe_buyt_dien_2,Quyết Thắng Nha Trang nhận bàn giao lô 20 xe Bus điện KimLong B60 #kimlongmiennam #kimlongsaigon #xebusdien #quyetthangnhatrang,#kimlongmiennam #kimlongsaigon #xebusdien #quyetthangnhatrang,2026-09-07T01:11:59+00:00,1,accept,electric_bus,1
7674920519476563216,https://www.tiktok.com/@quangninhnew1/video/7674920519476563216,xe buyt điện,kw_xe_buyt_dien_3,#quangninh14 #tintuc24h #giaothongvanminh #vinfast,#quangninh14 #tintuc24h #giaothongvanminh #vinfast,2026-08-17T09:30:00+00:00,2,reject,missing_group:electric_bus,0
7684896592977136904,https://www.tiktok.com/@bussaigon_city_51/video/7684896592977136904,xe buyt điện,kw_xe_buyt_dien_3,🔴Miễn Phí Vé🔴 Tuyến:102/TPHCM  Bến xe Miền Tây🔁 Nguyễn Văn Linh🔁 Bến xe Buýt Sài Gòn  Đơn Vị: Công Ty Phương Trang (Futa) Loại xe:Kim Long B60-ev  #xuhuongtiktokk #tuyen102#xebuytsaigon #buytdienfuta #xebuytdien ,#xuhuongtiktokk #tuyen102 #xebuytsaigon #buytdienfuta #xebuytdien,2026-09-13T06:03:48+00:00,0,reject,missing_group:electric_bus,0
7682960809919548690,https://www.tiktok.com/@mr_hoi_klmh/video/7682960809919548690,xe buýt dien,kw_xe_buyt_dien_4,Xe bus Kim Long EV #xedep #hoixe #driver #xedien #xekhachvietnam ,#xedep #hoixe #driver #xedien #xekhachvietnam,2026-09-08T00:52:01+00:00,114,reject,missing_group:electric_bus,0
7670062680484482324,https://www.tiktok.com/@nguyenngochap1/video/7670062680484482324,xe buýt dien,kw_xe_buyt_dien_4,Trải nghiệm xe buýt điện,,2026-08-04T06:40:38+00:00,2,accept,electric_bus,1
7668932451732966674,https://www.tiktok.com/@tranlethang/video/7668932451732966674,bus điện,kw_bus_dien,Ngay lúc này ngã 4 Hai Bà Trưng - Ngô Quyền chá.y xe bus điện chưa rõ nguyên nhân #xuhuong #chuachay ,#xuhuong #chuachay,2026-08-01T05:34:49+00:00,0,accept,electric_bus,1
7684893019941752084,https://www.tiktok.com/@kimlonghanoi/video/7684893019941752084,bus điện,kw_bus_dien,"Tin Nóng! Cột mốc mới, Kim Long Motor xuất khẩu xe bus điện sang Thái Lan #XeBuyt #XeKhach #XeBus #KimLong #KimLongHaNoi ",#XeBuyt #XeKhach #XeBus #KimLong #KimLongHaNoi,2026-09-13T05:49:55+00:00,29,accept,electric_bus,1
7669421569600507154,https://www.tiktok.com/@dungmin1853/video/7669421569600507154,bus dien,kw_bus_dien_2,"Xe Bus điện miễn phia từ SG về tới xã Dầu Tiếng ko tốn 1 xu, êm- mát#xedien#xebusdien#uoclenxuhuong ",#xedien #xebusdien #uoclenxuhuong,2026-08-02T13:12:49+00:00,4,accept,electric_bus,1
7674177701460200724,https://www.tiktok.com/@longgiang_corp/video/7674177701460200724,bus dien,kw_bus_dien_2,"Bạn đã từng đi xe buýt 2 tầng… nhưng đã bao giờ trải nghiệm một chiếc xe buýt 2 tầng chạy hoàn toàn bằng điện chưa Không chỉ là một phương tiện vận chuyển, Zhongtong N11D mang đến một trải nghiệm hoàn toàn khác với thiết kế 2 tầng – không gian rộng – tầm nhìn thoáng – vận hành thuần điện. Một lựa chọn đáng chú ý cho các mô hình du lịch, tham quan, city tour và vận tải hành khách xanh. 🌱 👉 Cùng Long Giang khám phá chi tiết N11D trong video! #ZhongtongN11D #XeBusDien #XeBus2Tang #BusDien #LongGiang #XeBusDuLich #CityTour #VanTaiXanh",#ZhongtongN11D #XeBusDien #XeBus2Tang #BusDien #LongGiang #XeBusDuLich #CityTour #VanTaiXanh,2026-08-15T08:48:59+00:00,0,reject,missing_group:electric_bus,0
7670075147612933396,https://www.tiktok.com/@nonguyen896/video/7670075147612933396,bus dien,kw_bus_dien_2,lâu lâu làm cái để cho có kỹ niệm đồ...kkkk#xuhuongtiktok #xebusdien ,#xuhuongtiktok #xebusdien,2026-08-04T07:29:00+00:00,8,reject,missing_group:electric_bus,0
7685301667935358229,https://www.tiktok.com/@baoptth_hanoi/video/7685301667935358229,buýt điện,kw_buyt_dien,"Theo lộ trình, kế hoạch của thành phố Hà Nội, năm 2026 tỷ lệ xe buýt điện chiếm từ 20 đến 23% và đến năm 2027, chiếm từ 34 đến 39% tổng phương tiện trên toàn hệ thống. Nhưng với quyết tâm mạnh mẽ, Tổng công ty vận tải Hà Nội đã đẩy nhanh tiến độ chuyển đổi. Đến nay, tỷ lệ xe buýt xanh đã đạt 43,8%, vượt xa mục tiêu đề ra. #xuhuong #tiktoknews #tintuc",#xuhuong #tiktoknews #tintuc,2026-09-14T08:15:41+00:00,1,accept,electric_bus,1
7686859317902986513,https://www.tiktok.com/@vnamedia/video/7686859317902986513,buýt điện,kw_buyt_dien,"✨ 🚌KIM LONG MOTOR XUẤT LÔ XE BUÝT ĐIỆN ĐẦU TIÊN SANG THÁI LAN Từ cảng Chân Mây (TP Huế), 9 xe buýt thuần điện Kim Long Motor đã lên đường sang Thái Lan, mở đầu kế hoạch xuất khẩu 113 xe trong năm 2026. Đây là lần đầu xe buýt thành phẩm của doanh nghiệp được vận chuyển bằng tàu chuyên dụng từ miền Trung Việt Nam đến thị trường quốc tế. #xebuytdien #kimlongmotor #VNAMedia #TTXVN #tiktoknews",#xebuytdien #kimlongmotor #VNAMedia #TTXVN #tiktoknews,2026-09-18T13:00:10+00:00,37,accept,electric_bus,1
7681168929305201941,https://www.tiktok.com/@daewoovietnam/video/7681168929305201941,buyt dien,kw_buyt_dien_2,Buyt điện Daewoo Việt Nam phiên bản B30 .,,2026-09-03T04:58:34+00:00,5,reject,missing_group:electric_bus,0
7681248014828227860,https://www.tiktok.com/@phng.nam2285/video/7681248014828227860,buyt dien,kw_buyt_dien_2,Bút thử điện B21 giá tốt #cuocsongthuongngay #phuongnampn #xuhuongtiktok #butthudien ,#cuocsongthuongngay #phuongnampn #xuhuongtiktok #butthudien,2026-09-03T10:05:24+00:00,5,reject,missing_group:electric_bus,0
7675387728640347399,https://www.tiktok.com/@han2000_rw/video/7675387728640347399,buyt dien,kw_buyt_dien_2,#butthudien #butthudiendautuavit #dungcudien #xuhuon ,#butthudien #butthudiendautuavit #dungcudien #xuhuon,2026-08-18T15:04:31+00:00,1,reject,missing_group:electric_bus,0
7670130708094110997,https://www.tiktok.com/@thuylinhshop121/video/7670130708094110997,buyt dien,kw_buyt_dien_2,Bút tĩnh điện đa chức năng.. #butthudien ,#butthudien,2026-08-04T11:04:36+00:00,4,reject,missing_group:electric_bus,0
7681649083383139605,https://www.tiktok.com/@kit.toolshukan/video/7681649083383139605,buyt dien,kw_buyt_dien_2,Bút thử điện B20- aneng #kietcodong #baotridien #diencongnghiep ,#kietcodong #baotridien #diencongnghiep,2026-09-04T12:01:51+00:00,0,reject,missing_group:electric_bus,0
7677836314611436818,https://www.tiktok.com/@tinhnguyentools/video/7677836314611436818,buyt dien,kw_buyt_dien_2,"Rất hữu ích với anh em làm điện, hoặc anh em để trong nhà có khi cần đến để đấu nối điện gia đình. Quá tiện và nhỏ gọn #anengb20 #butthudienanengb20 #butthudiendanang #butthudienthongminh #butthudien @tinhnguyentools ",#anengb20 #butthudienanengb20 #butthudiendanang #butthudienthongminh #butthudien,2026-08-25T05:26:29+00:00,2,reject,missing_group:electric_bus,0
7681650792780107029,https://www.tiktok.com/@in.tng.hp/video/7681650792780107029,buyt dien,kw_buyt_dien_2,Bút thử điện B20- Aneng #kietcodong #diencongnghiep #baotridien ,#kietcodong #diencongnghiep #baotridien,2026-09-04T12:08:24+00:00,0,reject,missing_group:electric_bus,0
7674812559236631829,https://www.tiktok.com/@trungsuckhoe3/video/7674812559236631829,buyt dien,kw_buyt_dien_2,Bút thử điện thông minh #xuhuong #tiktok #butthudiendautuavit ,#xuhuong #tiktok #butthudiendautuavit,2026-08-17T01:52:36+00:00,0,reject,missing_group:electric_bus,0
7673405182109175047,https://www.tiktok.com/@mindeily_minhiu/video/7673405182109175047,buyt dien,kw_buyt_dien_2,Bút thử điện không chạm total #butthudienthongminh #butthudien #dientu #xh ,#butthudienthongminh #butthudien #dientu #xh,2026-08-13T06:51:17+00:00,0,reject,missing_group:electric_bus,0
7679068913216408853,https://www.tiktok.com/@trungsuckhoe3/video/7679068913216408853,buyt dien,kw_buyt_dien_2,Bút thử điện thông minh #tiktok #xuhuong #butthudiendautuavit ,#tiktok #xuhuong #butthudiendautuavit,2026-08-28T13:09:24+00:00,0,reject,missing_group:electric_bus,0
7674613496172023061,https://www.tiktok.com/@trungsuckhoe3/video/7674613496172023061,buyt dien,kw_buyt_dien_2,Bút thử điện thông minh #xuhuong #tiktok #butthudiendautuavit ,#xuhuong #tiktok #butthudiendautuavit,2026-08-16T13:00:07+00:00,0,reject,missing_group:electric_bus,0
7686138905887788295,https://www.tiktok.com/@nhung.shop93/video/7686138905887788295,buyt dien,kw_buyt_dien_2,Bút thử điện đa năng B20 #butthudien #aneng #butthudienthongminh #nhungshop93 #xuhuong ,#butthudien #aneng #butthudienthongminh #nhungshop93 #xuhuong,2026-09-16T22:29:00+00:00,16,reject,missing_group:electric_bus,0
7675019510109261064,https://www.tiktok.com/@tandatthodien/video/7675019510109261064,buyt dien,kw_buyt_dien_2,Bút thử điện B20! Quyền lợi của ae mình đây! #Tandatthodien #B20 #Thodien #xuhuong #tiktok ,#Tandatthodien #B20 #Thodien #xuhuong #tiktok,2026-08-17T23:08:00+00:00,0,reject,missing_group:electric_bus,0
7681386943229250836,https://www.tiktok.com/@lev673683846/video/7681386943229250836,electric bus,kw_electric_bus,обзор нового электробуса ЛиАз 6767 #fyp #fyp #мозгоратранс #московскийтранспорт #электробус #москва #мозгоратранс #бдж #animalhospital #больницадляживотных #fyp #fyp #fyp #fyp #fyp ,#fyp #fyp #мозгоратранс #московскийтранспорт #электробус #москва #мозгоратранс #бдж #animalhospital #больницадляживотных #fyp #fyp #fyp #fyp #fyp,2026-09-03T19:04:32+00:00,0,reject,missing_group:electric_bus,0
7685658512873098503,https://www.tiktok.com/@mr_hoi_klmh/video/7685658512873098503,e-bus,kw_e_bus,Kim Long Bus EV lái siêu êm siêu hấp dẫn#xedep #hoixe #driver #xedien #xekhach ,#xedep #hoixe #driver #xedien #xekhach,2026-09-15T07:20:30+00:00,11,reject,missing_group:electric_bus,0
7683502596006481173,https://www.tiktok.com/@faii0002/video/7683502596006481173,e-bus,kw_e_bus,EV bus ลำพูน เปิดให้บริการแล้ว นั่งฟรียาวๆ 6 เดือน เดอนทางสะดวกแอร์เย็นฉ่ำ 📍รถอยู่ไหน เช็กได้แบบ Real Time! ดาวน์โหลดแอป TSB Go Plus ได้ทั้ง iOS และ Android เช็กได้ครบทั้ง เส้นทางเดินรถ จุดจอด รถเมล์ เวลาการให้บริการ และตำแหน่งรถแบบ Real Time ก่อนออกจากบ้านก็วางแผนการเดิน ทางได้  #ลำพูน #รีวิวลำพูน #ดันขึ้นฟีดที #evbusลําพูน ,#ลำพ #ร #ด #evbusล,2026-09-09T11:54:21+00:00,320,reject,missing_group:electric_bus,0
7672036169261141266,https://www.tiktok.com/@kulturekampala/video/7672036169261141266,e-bus,kw_e_bus,📍e bus introduced kampala Uganda today kampala new updates happening now #electroniccars #tiktokuganda🇺🇬🇺🇬🇺🇬 #kampalauganda🇺🇬🇺🇬🇺🇬 #ugandatiktok🇺🇬 #foryoupage❤️❤️ ,#electroniccars #tiktokuganda #kampalauganda #ugandatiktok #foryoupage,2026-08-09T14:18:47+00:00,81,reject,missing_group:electric_bus,0
7684885259422420242,https://www.tiktok.com/@orange.10771234/video/7684885259422420242,e-bus,kw_e_bus,#เทรนวันนี้ในtiktok #ดันขึ้นหน้าฟีดที #ดันขึ้นฟีดที #พรรคประชาชน #อบจลําพูน ,#เทรนว #ด #ด #พรรคประชาชน #อบจล,2026-09-13T05:19:50+00:00,180,reject,missing_group:electric_bus,0
7685060976495971592,https://www.tiktok.com/@namkang_ln/video/7685060976495971592,e-bus,kw_e_bus,มาลองใช้บริการรถ EV BUS ของ อบจ.ลำพูน ครั้งแรกจ้าา~ เป็นยังไงตามดูจากในคลิปได้เลย 😁🧡 #อบจลําพูน #evbuslamphun #รีวิวลําพูน #ลําพูน #เที่ยวลําพูน ,#อบจล #evbuslamphun #ร #ล #เท,2026-09-13T16:41:41+00:00,266,reject,missing_group:electric_bus,0
7675722380697718029,https://www.tiktok.com/@not.a.real.americ/video/7675722380697718029,e-bus,kw_e_bus,2026 fully electric school bus. ⚡🚌 Are your kids ready for the future of school transportation? Would you feel comfortable sending them to school on an electric bus like this? #electricschoolbus #schoolbus #evtransportation #futuretransport #electricvehicles,#electricschoolbus #schoolbus #evtransportation #futuretransport #electricvehicles,2026-08-19T12:43:16+00:00,11,accept,electric_bus,1
7683497966971161877,https://www.tiktok.com/@mufon1991/video/7683497966971161877,e-bus,kw_e_bus,Lamphun EV Bus  🧡 แอร์เย็นฉ่ำ มีที่ชาจแบต สะดวกสบายวิ่งทุกๆ 1 ชั่วโมง เลิกเรียนเด็กๆ ขึ้นกลับบ้านได้ #อบจลําพูน #EVbus #ลําพูน ,#อบจล #EVbus #ล,2026-09-09T11:36:23+00:00,2,reject,missing_group:electric_bus,0
7678960411244334356,https://www.tiktok.com/@gcicuganda/video/7678960411244334356,e-bus,kw_e_bus,"Today, ebusxpress Kira Limited is launching new routes in Kira Municipality, easing transportation and improving connectivity for residents across several routes in the municipality. This is a welcome step towards making public transport more accessible, convenient and reliable for the people of Kira. #uganda ",#uganda,2026-08-28T06:08:23+00:00,0,reject,missing_group:electric_bus,0
7679018676397346055,https://www.tiktok.com/@ebus_xpress/video/7679018676397346055,ebus,kw_ebus,Kira Municipality is Electric ✅,,2026-08-28T09:54:30+00:00,1171,reject,missing_group:electric_bus,0
7683703698563861780,https://www.tiktok.com/@ms.kiraboanitah/video/7683703698563861780,ebus,kw_ebus,@E-Bus Xpress Kiira Ltd please we need clarity! #kampala ,#kampala,2026-09-10T00:54:45+00:00,20,accept,electric_bus,1
7678715947103833362,https://www.tiktok.com/@ebus_xpress/video/7678715947103833362,ebus,kw_ebus,Tusimbudde- Kira Municipality ,,2026-08-27T14:19:42+00:00,95,reject,missing_group:electric_bus,0
7683880709789863189,https://www.tiktok.com/@mokzz.xy71/video/7683880709789863189,ebus,kw_ebus,q miedete #backrooms #microcentroporteño #ebus #fypシ゚viral #argentina ,#backrooms #microcentroporteño #ebus #fypシ #argentina,2026-09-10T12:21:38+00:00,35,accept,electric_bus,1
7671027745425722631,https://www.tiktok.com/@ebusdivine18/video/7671027745425722631,ebus,kw_ebus,My treasure link players 😏#efootball #fyp #viral ,#efootball #fyp #viral,2026-08-06T21:05:35+00:00,0,reject,missing_group:electric_bus,0
7683528638410525970,https://www.tiktok.com/@kae_rita/video/7683528638410525970,ebus,kw_ebus,ลองขึ้น EV bus ไปรับลูกครั้งแรก อบจ.ลำพูนเปิดให้บริการประชาชนฟรี6เดือน เริ่ดค่ะ🥰🥰 ประหยัดพลังงาน ลดมลพิษ ประหยัดค่าน้ำมันรถ สะดวก สบาย แอร์เย็นฉ่ำ เสียดาย ไม่ครอบคลุมถึงบ้าน ต้องมาจอดรถใกล้ป้ายที่ใกล้บ้านที่สุด. และรอบเวลารถห่างกันเยอะไปหน่อย ทีละชั่วโมง 😅😅 ต้องเผื่อเวลาเดินทางไว้นะคะ แต่ขอบคุณมากสำหรับการบริการให้ชาวลำพูนค่ะ🥰🥰 #EVbuslamphun  #รถเมล์ไฟฟ้าลำพูน  #ลำพูน ,#EVbuslamphun #รถเมล #ลำพ,2026-09-09T13:35:25+00:00,16,reject,missing_group:electric_bus,0
7674678165612154132,https://www.tiktok.com/@ebrugd5/video/7674678165612154132,ebus,kw_ebus,🦩🌸🎀  @Medinedogan7 ,,2026-08-16T17:11:08+00:00,10,reject,missing_group:electric_bus,0
7679383642392612103,https://www.tiktok.com/@tienkhongte1/video/7679383642392612103,VinBus,kw_vinbus,"Sau đúng 3 tháng triển khai, Vingroup chính thức dừng dịch vụ này từ ngày 1/9 #vingroup #vinbus #tienkhongte #fyp",#vingroup #vinbus #tienkhongte #fyp,2026-08-29T09:30:48+00:00,330,accept,electric_bus,1
7678331629751848210,https://www.tiktok.com/@vnbusarchive/video/7678331629751848210,VinBus,kw_vinbus,"🗣️ ""bíp bíp bíp bíp"" 🔥 #meme #fyp #vinfast #vinbus  #vinfasteb10 ",#meme #fyp #vinfast #vinbus #vinfasteb10,2026-08-26T13:28:21+00:00,4,accept,electric_bus,1
7689754138246122770,https://www.tiktok.com/@busthudocfs/video/7689754138246122770,VinBus,kw_vinbus,Một trong những chiếc xe có trên mình biển số năm sinh của Bus Hà Nội😆😆😆 các bạn có đag trên xe để ra bến xe về quê không ạ🚌🚌🚌 #vinbus #TikTokHaNoi #busthudo #xh #viral ,#vinbus #TikTokHaNoi #busthudo #xh #viral,2026-09-26T08:13:34+00:00,0,accept,electric_bus,1
7676714080929058068,https://www.tiktok.com/@baogo69/video/7676714080929058068,VinBus,kw_vinbus,Mọi người lưu ý nhớ bắt xe Bus đi đúng hướng mình cần đi nha ạ 😋 #bus #mienphi #huongdandixebus #fypシ ,#bus #mienphi #huongdandixebus #fypシ,2026-08-22T04:51:32+00:00,117,reject,missing_group:electric_bus,0
7669610413281119495,https://www.tiktok.com/@saigonbusvuive/video/7669610413281119495,VinBus,kw_vinbus,Xe bus số tuyến 53/TPHCM (tăng cường):Lê Hồng Phong - Đại học Quốc gia  👉 Đơn vị:CTY TNHH DỊCH VỤ VẬN TẢI SINH THÁI VINBUS  Vé lượt:7.000đ #xebustphcm #vinbus #xuhuong ,#xebustphcm #vinbus #xuhuong,2026-08-03T01:25:42+00:00,2,accept,electric_bus,1
7678207164003142933,https://www.tiktok.com/@odaytoanxebuyt/video/7678207164003142933,VinBus,kw_vinbus,BUÝT TPHCM/ Tuyến 33: BX An Sương ⇄ Suối Tiên ⇄ ĐH Quốc Gia (Khu A) ——————————-   • Lượt đi Khu A ĐH Quốc Gia: BX An Sương - Lê Quang Đạo (QL22) - Ngã 4 An Sương - Đỗ Mười (QL1) - Siêu Thị Mega Market Hiệp Phú - Ngã 4 Tân Thới Hiệp - Đỗ Mười - Cầu Bộ Hành BX Ngã Tư Ga - Cầu Vượt Ngã 4 Ga - ĐH Nguyễn Tất Thành (Quận 12) - Tu Viện Khánh An - Đỗ Mười - Cầu Bình Phước - Đôc Mười - Ngã 4 Bình Phước - Cầu Bộ Hành Chợ NS Thủ Đức - Ngã 4 Ga Sóng Thần - BX Lam Hồng - Đỗ Mười - Nút Giao Linh Xuân - KCX Linh Trung 1 - ĐH Kinh Tế • Luật - ĐH Nông Lâm - Đỗ Mười - Cầu Vượt Trạm 2 - Nhánh Cầu Vượt Trạm 2 - Quay đầu tại Cầu Vượt Trạm 2 - Xa Lộ Hà Nội - Suối Tiên • Ga Metro ĐHQG - Nghĩa Trang Liệt Sĩ TPHCM - Quay đầu trước cổng Nghĩa Trang LS TPHCM - Song Hành XLHN - Làng Đại Học - Đường 621 - Tân Lập - Nguyễn Hiền - BXB Khu A ĐHQG.  • Lượt về BX An Sương: BXB Khu A ĐHQG - Nguyễn Hiền - Tân Lập - Đường 621 - Rời khỏi Làng Đại Học - Song Hành XLHN - Đại học An Ninh Nhân Dân - Trường ĐH Công Nghệ Kỹ Thuật TPHCM - Song Hành XLHN - Xa Lộ Hà Nội - Ga Metro ĐHQG • Suối Tiên - Xa Lộ Hà Nội - Nhánh chân Cầu Vượt Trạm 2 - Đỗ Mười (Quốc Lộ 1) - ĐH Nông Lâm - ĐH Kinh Tế • Luật - KCX Linh Trung 1 - Nút Giao Linh Xuân - Đỗ Mười - BX Lam Hồng - Ngã 4 Ga Sóng Thần - Cổng Chợ Đầu Mối NS Thủ Đức - Ngã 4 Bình Phước - Cầu Bình Phước - Đỗ Mười - Tu Viện Khánh An - Cổng BX Ngã Tư Ga - Đỗ Mười - Ngã 4 Tân Thới Hiệp - Siêu Thị Mega Market Hiệp Phú - Đỗ Mười - CV Phần Mềm  Quang Trung - Đỗ Mười - Ngã 4 An Sương - Lê Quang Đạo (Quốc Lộ 22) - Quay đầu tại Nút giao Nguyễn Thị Trên - Lê Quang Đạo (Quốc Lộ 22) - BX An Sương ——————————-   • Mã số tuyến: 33  • Giờ hoạt động: 4:30-22:00  • Tần suất chuyến: 8-10p/ 1 chuyến  • Giá vé: Miễn Phí  • Đơn vị Quản Lý & Khai Thác: CÔNG TY TNHH DỊCH VỤ SINH THÁI VINBUS  #33 #vinbus #xebuyttphcm #Capcut #xuhuong ,#33 #vinbus #xebuyttphcm #Capcut #xuhuong,2026-08-26T05:25:25+00:00,6,accept,electric_bus,1
7669365144555736328,https://www.tiktok.com/@busthudocfs/video/7669365144555736328,VinBus,kw_vinbus,"Từ ngày 1/8, tuyến E11 chính thức tăng thêm xe giúp rút ngắn thời gian chờ đợi cho các khách hàng🚌🚌🚌 trông các xe đi du học về có khác khum quý zị😆😆 #viral #tiktok #vinbus #xuhuong #xebuythanoi ",#viral #tiktok #vinbus #xuhuong #xebuythanoi,2026-08-02T09:33:51+00:00,3,accept,electric_bus,1
7679404593649913095,https://www.tiktok.com/@vanhong_auto_news/video/7679404593649913095,VinBus,kw_vinbus,Xe buýt Vinbus được sản xuất ntn ? Review nhà máy sx xe buýt Vinfast ( Bản siêu đẹp  ),,2026-08-29T10:52:02+00:00,115,accept,electric_bus,1
7679293612601003284,https://www.tiktok.com/@thodiahalong/video/7679293612601003284,VinBus,kw_vinbus,Xe Vinbus sẽ tham gia đưa đón học sinh miễn phí tại 1 số phường trên địa bàn thành phố Quảng Ninh #thodiahalong #thanhphoquangninh ,#thodiahalong #thanhphoquangninh,2026-08-29T03:41:23+00:00,98,accept,electric_bus,1
7684464869399203092,https://www.tiktok.com/@hnh.v.house/video/7684464869399203092,VinBus,kw_vinbus,Trải nghiệm Đi từ đầu TP đến cuối TP chỉ với 15k êm ru nha bà con. #xuhuongtiktok  #Vinbus #trainghiemxebus ,#xuhuongtiktok #Vinbus #trainghiemxebus,2026-09-12T02:08:29+00:00,2,accept,electric_bus,1
7670832316180319508,https://www.tiktok.com/@snap.boy.love.bus.plane/video/7670832316180319508,Vin Bus,kw_vin_bus,#29e56067 #bus8b #vinfastgreenbus8,#29e56067 #bus8b #vinfastgreenbus8,2026-08-06T08:27:11+00:00,0,reject,missing_group:electric_bus,0
7677094440267238677,https://www.tiktok.com/@quocvih/video/7677094440267238677,Vin Bus,kw_vin_bus,cơn mưa tô đậm vẻ đẹp 🤪#busE09#xuhuong#vinbus# #hanoibus #taodo010 ,#busE09 #xuhuong #vinbus #hanoibus #taodo010,2026-08-23T05:27:26+00:00,1,accept,electric_bus,1
7681492453391748373,https://www.tiktok.com/@laodong.vn/video/7681492453391748373,ô tô buýt điện,kw_o_to_buyt_dien,"Quảng Ninh đưa 50 xe buýt điện vào vận hành trên 6 tuyến, phục vụ miễn phí học sinh từ ngày 5.9 #baolaodong #laodong #giaoduc #giaothong",#baolaodong #laodong #giaoduc #giaothong,2026-09-04T03:00:00+00:00,1,accept,electric_bus,1
7672250521817713941,https://www.tiktok.com/@tongkhoxedienfebikesvn/video/7672250521817713941,xe điện công cộng,kw_xe_dien_cong_cong,Xe ngon bổ rẻ cho học sinh. Qua ngay Febikes ! #xediengapgon #xedapdien #xedapdienhocsinh #xedapdientroluc #xediengap ,#xediengapgon #xedapdien #xedapdienhocsinh #xedapdientroluc #xediengap,2026-08-10T04:10:35+00:00,2050,reject,missing_group:electric_bus,0
7689825267015044359,https://www.tiktok.com/@v.th.qunh.quyn/video/7689825267015044359,tuyến xe buýt điện,kw_tuyen_xe_buyt_dien,"Hãy khám phá cùng em xe buýt điện Quyế Thắng xã Vạn Ninh, tỉnh Khánh Hoà.#xebuytdien#benễnquyetthang#xavanninh#xuhuong",#xebuytdien #benễnquyetthang #xavanninh #xuhuong,2026-09-26T12:49:33+00:00,4,accept,electric_bus,1
7685235926888434962,https://www.tiktok.com/@longgiang_corp/video/7685235926888434962,tuyến xe buýt điện,kw_tuyen_xe_buyt_dien,"🎬 SERIES KHÁM PHÁ XE BUÝT ĐIỆN 2 TẦNG ZHONGTONG N11D | TẬP 03 🚍 ✨ TRẢI NGHIỆM THỰC TẾ – CHUYẾN XE ĐẦU TIÊN ĐÓN HÀNH KHÁCH KHÁM PHÁ THÀNH PHỐ Sau khi khám phá thiết kế và nội thất ở những tập trước, Tập 03 sẽ đưa quý vị theo chân những hành khách đầu tiên trải nghiệm xe buýt điện 2 tầng trên hành trình ngắm nhìn thành phố từ một góc độ hoàn toàn mới. 🌆 Với tầm nhìn panorama 360° từ tầng 2, hành khách có thể dễ dàng thu trọn những tuyến phố sôi động, các công trình kiến trúc nổi bật và vẻ đẹp của thành phố vào trong tầm mắt. Không gian mở cùng góc quan sát rộng mang đến cảm giác thư thái, thích thú và những trải nghiệm check-in ấn tượng trên suốt hành trình. ⚡ Điều khiến nhiều hành khách bất ngờ chính là khả năng vận hành êm ái, không tiếng động cơ ồn ào, không khói bụi hay khí thải, mỗi chuyến đi trở nên nhẹ nhàng và dễ chịu hơn. Hành khách có thể thoải mái trò chuyện, ngắm cảnh, chụp ảnh và tận hưởng trọn vẹn không gian thành phố theo một cách rất khác. 💚 Sự kết hợp giữa công nghệ xe buýt điện hiện đại và trải nghiệm ngắm cảnh panorama độc đáo đã tạo nên một hành trình không chỉ để di chuyển mà còn để tận hưởng, khám phá và cảm nhận vẻ đẹp của đô thị theo hướng xanh hơn, văn minh hơn. 📺 Hãy cùng Long Giang trải nghiệm chuyến xe đầu tiên và cảm nhận sức hút của xe buýt điện 2 tầng trên những cung đường đẹp nhất thành phố Hà Nội Quý vị nhé ❤️❤️❤️ 📍 Showroom: 3–5 Nguyễn Văn Linh, phường Việt Hưng, Hà Nội ☎ Hotline: 0922 73 1919 #LongGiangCorp #ZhongtongN11D #XeBuytDien #XeBuytDien2Tang #CityTour     ",#LongGiangCorp #ZhongtongN11D #XeBuytDien #XeBuytDien2Tang #CityTour,2026-09-14T04:00:41+00:00,0,accept,electric_bus,1
7676110370540522770,https://www.tiktok.com/@bussaigon_city_51/video/7676110370540522770,tuyến xe buýt điện,kw_tuyen_xe_buyt_dien,🔴Miễn Phí Vé🔴 Tuyến:166/TPHCM Ga Đại Học Quốc Gia🔁Suối Tiên  Đơn Vị: Công Ty Phương Trang (Futa) #xebuytdien #xebuytphuongtrang #xebuyttphcm #viral #xuhuongtiktok ,#xebuytdien #xebuytphuongtrang #xebuyttphcm #viral #xuhuongtiktok,2026-08-20T13:48:43+00:00,1,reject,missing_group:electric_bus,0
7681223705409621268,https://www.tiktok.com/@thongtinquangninh/video/7681223705409621268,tuyến bus điện,kw_tuyen_bus_dien,Món quà khai giảng cho học sinh Hạ Long ❤️ #Xebusdien #mienphi #hocsinh #HaLong #viral ,#Xebusdien #mienphi #hocsinh #HaLong #viral,2026-09-03T08:31:07+00:00,10,reject,missing_group:electric_bus,0
7682370171369016583,https://www.tiktok.com/@trungtamquanlygtcctphcm/video/7682370171369016583,điểm dừng xe buýt điện,kw_diem_dung_xe_buyt_dien,Bến xe buýt Chợ Lớn dần hoàn thiện #buyttphcm ,#buyttphcm,2026-09-06T10:40:03+00:00,1,reject,missing_group:electric_bus,0
7682683530874326289,https://www.tiktok.com/@nshonggai/video/7682683530874326289,điểm dừng xe buýt điện,kw_diem_dung_xe_buyt_dien,"TĂNG CƯỜNG AN TOÀN CHO HỌC SINH TẠI CÁC ĐIỂM ĐỜI XE BUÝT ĐIỆN Phường Hồng Gai tiến hành lắp đặt hệ thống camera giám sát tại các điểm đưa, đón học sinh bằng xe buýt điện. Đồng thời, đường link theo dõi trực tiếp sẽ được gửi tới phụ huynh để dễ dàng quan sát và yên tâm hơn trong mỗi hành trình đến trường của con. #nhipsonghonggai #thongtin #xuhuong #quangninh",#nhipsonghonggai #thongtin #xuhuong #quangninh,2026-09-07T06:57:10+00:00,0,accept,electric_bus,1
7670163116096818450,https://www.tiktok.com/@dat.pn22/video/7670163116096818450,điểm dừng xe buýt điện,kw_diem_dung_xe_buyt_dien,Bến xe Buýt Lê Minh Xuân #viralvideo  #xuhuong  #sàigon  #buýtđiện  #hottrend ,#viralvideo #xuhuong #sàigon #buýtđiện #hottrend,2026-08-04T13:10:23+00:00,5,reject,missing_group:electric_bus,0
7683925740978539793,https://www.tiktok.com/@vinfastquangninh2/video/7683925740978539793,xe bus điện hài lòng,kw_xe_bus_dien_hai_long,"🚌⚡ NIỀM VUI TRÊN NHỮNG CHUYẾN XE ĐIỆN MIỄN PHÍ 💚 Những nụ cười hồn nhiên, những ánh mắt háo hức của các em học sinh Hạ Long trên mỗi chuyến xe buýt điện miễn phí khiến một ngày đến trường trở nên thật đặc biệt. 🥰🎒 🌱 Quảng Ninh đang là địa phương đầu tiên trên cả nước thí điểm xe buýt điện đưa đón học sinh hoàn toàn miễn phí – một bước tiến đầy ý nghĩa hướng tới môi trường xanh và những hành trình đến trường an toàn, văn minh. 🚌 Khởi đầu với 50 xe, và dự kiến tiếp tục bổ sung thêm 100 xe, mạng lưới xe buýt điện sẽ từng bước được mở rộng, hướng tới phục vụ ngày càng nhiều trường học và học sinh trên địa bàn. Không chỉ là những chuyến xe đưa đón, đó còn là những chuyến xe mang theo niềm vui, sự an tâm và một tương lai xanh hơn cho thế hệ trẻ. 💚🌿 🇻🇳 Quảng Ninh – nơi những điều tốt đẹp đang từng ngày hiện hữu. ✨ Một Quảng Ninh thật đáng sống! Tự hào Quảng Ninh! #QuangNinh #HaLong #VinBus #XeBusDien #GiaoThongXanh #TuHaoQuangNinh #QuangNinhDangSong",#QuangNinh #HaLong #VinBus #XeBusDien #GiaoThongXanh #TuHaoQuangNinh #QuangNinhDangSong,2026-09-10T15:16:26+00:00,0,accept,electric_bus,1
7681164704106007829,https://www.tiktok.com/@quangninhcuatoi.14/video/7681164704106007829,xe bus điện hài lòng,kw_xe_bus_dien_hai_long,Phụ huynh Quảng Ninh chuyến này khỏi lo rồi 🥰🥰🥰 #quangninhcuatoi #thanhphoquangninh #wezcreative #vtmgr #xebus ,#quangninhcuatoi #thanhphoquangninh #wezcreative #vtmgr #xebus,2026-09-03T04:42:11+00:00,555,reject,missing_group:electric_bus,0
7683876705362021639,https://www.tiktok.com/@h.newlife/video/7683876705362021639,xe bus điện hài lòng,kw_xe_bus_dien_hai_long,"Đi xe bus vào một ngày mưa ở SG. Lâu lắm rồi mới đi xe bus lại,công nhận giờ xe bus điện đi êm,thân thiện với môi trường,nhân viên thì nhiệt tình và lịch sự quá trời và quan trọng là đi xe vé hoàn toàn miễn phí nhen😀  #bussaigon #Futa #tphcm #xuhuong #nhanuocvietnam ",#bussaigon #Futa #tphcm #xuhuong #nhanuocvietnam,2026-09-10T12:06:03+00:00,2,accept,electric_bus,1
7683566577479978260,https://www.tiktok.com/@hanasg_shop/video/7683566577479978260,review bus điện,kw_review_bus_dien,"Mình đã trải nghiệm đi bus điện miễn phí để các bạn cùng thử đi nha, chill lắm #xebustphcm ",#xebustphcm,2026-09-09T16:02:38+00:00,1,accept,electric_bus,1
7684205526216953095,https://www.tiktok.com/@mr_hoi_klmh/video/7684205526216953095,review bus điện,kw_review_bus_dien,Xe Kim Long EV rất hợp lý ,,2026-09-11T09:22:09+00:00,9,reject,missing_group:electric_bus,0
7673705479335464200,https://www.tiktok.com/@bdsvinhomesuytin1/video/7673705479335464200,vận hành xe điện vinbus,kw_van_hanh_xe_dien_vinbus,Cả nhà cùng trải nghiệm Vinbus cùng em nhé 🥰🥰🥰 #vinhomesgrandpark #moigioibatdongsan #chuyennhuongcanho #vinbus #VinhomesGrandPark ,#vinhomesgrandpark #moigioibatdongsan #chuyennhuongcanho #vinbus #VinhomesGrandPark,2026-08-14T02:16:36+00:00,2,accept,electric_bus,1
7678203085336038664,https://www.tiktok.com/@bussaigon_city_51/video/7678203085336038664,vận hành xe điện vinbus,kw_van_hanh_xe_dien_vinbus,🔴Miễn Phí Vé🔴 Tuyến:33/TPHCM Bến xe An Sương🔁Suối Tiên🔁 Đại Học Quốc Gia(A) Đơn vị: Công Ty TNHH Vận tải Sinh Thái VinBus #xebuytdien #tuyen33vinbus #Vinbus #đạihọcquốcgiatphcm #xuhuongtiktok ,#xebuytdien #tuyen33vinbus #Vinbus #đạihọcquốcgiatphcm #xuhuongtiktok,2026-08-26T05:09:35+00:00,1,accept,electric_bus,1
7683000314529598740,https://www.tiktok.com/@xuan_the_bds_du_lich_qn/video/7683000314529598740,chất lượng vinbus,kw_chat_luong_vinbus,"HÔM NAY, CÁC EM HỌC SINH HẠ LONG TRẢI NGHIỆM XE BUS ĐIỆN MIỄN PHÍ VỚI NIỀM VUI HÂN HOAN. 🥰 ĐƯỢC BIẾT, QUẢNG NINH LÀ ĐỊA PHƯƠNG ĐẦU TIÊN CẢ NƯỚC THÍ ĐIỂM XE BUS ĐIỆN ĐƯA ĐÓN MIỄN PHÍ CHO HỌC SINH. 🥰 ( Đầu tiên là 50 xe, tiếp theo là thêm 100 xe nữa... xe dần dần sẽ bao phủ khắp các trường học trên địa bàn). Quảng Ninh thật đáng sống... Tự hào lắm ! 😍 #dulichquangninh #vinbus #vinhomesglobalgate #thanhphoquangninh ",#dulichquangninh #vinbus #vinhomesglobalgate #thanhphoquangninh,2026-09-08T03:25:16+00:00,0,accept,electric_bus,1
7684998056747568405,https://www.tiktok.com/@webthietke/video/7684998056747568405,chất lượng vinbus,kw_chat_luong_vinbus,"Giới thiệu cho các bạn ít đi xe buýt là thời gian này mình đi xe buýt free nha mn 🥰🥰🥰🥰🥰 Các nhà xe quá xuất sắc , chỉnh chu , chu đáo , chuyên nghiệp , đặc biệt là a Tiếp viên và chú tài xế chuyến này ạ , Quá xuất sắc 🥳🥳🥳🥳🥳  Cảm thấy đi xe buýt quá Vip pờ rồ rồi 🎀🎀🎀🎀🎀 #xebuyttphcm #xebuyt33 #xebuytdien #xebuytvinbus #vinbustphcm ",#xebuyttphcm #xebuyt33 #xebuytdien #xebuytvinbus #vinbustphcm,2026-09-13T12:37:28+00:00,1,reject,missing_group:electric_bus,0
7671291377958882581,https://www.tiktok.com/@mebeny86/video/7671291377958882581,đánh giá xe buýt điện,kw_danh_gia_xe_buyt_dien,Ý kiến riêng của mẹ con tui nha: ghế cứng ngồi ê đít và tựa lưng thi thấp Ko dựa đầu vào dc. Nấm lùn như T thì còn ép ép chu con t la thua rồi đó ngồi mỏi cổ. Con Mn thế nào ai đi rồi cho ý kiến nha #mebeny ,#mebeny,2026-08-07T14:08:39+00:00,0,reject,missing_group:electric_bus,0
7671302743167864085,https://www.tiktok.com/@tamiedibuyt/video/7671302743167864085,đi xe buýt điện Hà Nội,kw_di_xe_buyt_dien_ha_noi,Lần đầu trải nghiệm buýt Hà Nội sẽ như thế nào #tamiedibuyt #xuhuong #xebuyt #tamiehaydi ,#tamiedibuyt #xuhuong #xebuyt #tamiehaydi,2026-08-07T14:52:41+00:00,19,reject,missing_group:electric_bus,0
7669726668415667476,https://www.tiktok.com/@kyduyen090380/video/7669726668415667476,đi xe buýt điện Hà Nội,kw_di_xe_buyt_dien_ha_noi,Chi 50k đi từ chùa thường chiếu lên bến thành ,,2026-08-03T08:56:46+00:00,48,reject,missing_group:electric_bus,0
7686518253199314196,https://www.tiktok.com/@_ngocvandinh/video/7686518253199314196,đi xe buýt điện Hà Nội,kw_di_xe_buyt_dien_ha_noi,Hà Nội mưa ngập khổ quó 🥹 #airbus #sanbaynoibai #fypシ ,#airbus #sanbaynoibai #fypシ,2026-09-17T14:56:36+00:00,0,reject,missing_group:electric_bus,0
7671263356132576532,https://www.tiktok.com/@lover208.01/video/7671263356132576532,đi xe buýt điện Hà Nội,kw_di_xe_buyt_dien_ha_noi,Mn đã (trải nghiệm xe điện của tuyến 146 chưa ạ) #hanoibus_transerco#viarlvideo#vinbuseb6 ,#hanoibus_transerco #viarlvideo #vinbuseb6,2026-08-07T12:19:50+00:00,0,reject,missing_group:electric_bus,0
7682357390259358984,https://www.tiktok.com/@phongvienhanoibusfps/video/7682357390259358984,đi xe buýt điện Hà Nội,kw_di_xe_buyt_dien_ha_noi,Sắp đi học rùiii | Tuyến Buýt 27 : Yên Nghĩa - Nam Thăng Long  -------ĐVCQ: Công ty xe điện Hà Nội------- #xuhuong#xuhuongtiktok2026🥰#xebuythanoi#hanoibus_transerco#ilovetiktok,#xuhuong #xuhuongtiktok2026 #xebuythanoi #hanoibus_transerco #ilovetiktok,2026-09-06T09:50:22+00:00,1,reject,missing_group:electric_bus,0
7669389479379094791,https://www.tiktok.com/@trng.tri.anh/video/7669389479379094791,đi xe buýt điện Hà Nội,kw_di_xe_buyt_dien_ha_noi,Trả lời @Fan.Hanoibus.                                     49:Trần Khánh Dư-Nhổn #hanoibus_transerco #vinbuseb8 #ctcpxekhachhanoi #xuhuong #fyp ,#hanoibus_transerco #vinbuseb8 #ctcpxekhachhanoi #xuhuong #fyp,2026-08-02T11:08:14+00:00,6,reject,missing_group:electric_bus,0
7679487664055143698,https://www.tiktok.com/@dariel.nguyendung/video/7679487664055143698,đi xe buýt điện Hà Nội,kw_di_xe_buyt_dien_ha_noi,Tập quay bus. #hanoibus_transerco #goviral #fyp #xuhuong #ctxedienhanoi ,#hanoibus_transerco #goviral #fyp #xuhuong #ctxedienhanoi,2026-08-29T16:14:24+00:00,23,reject,missing_group:electric_bus,0
7671194018377780488,https://www.tiktok.com/@nhatkytramsactmtegreen/video/7671194018377780488,trạm sạc xe buýt điện,kw_tram_sac_xe_buyt_dien,Chúng em không nói nhiều chúng e chứng minh #viral #xuhuong #hottrend #tramsac #TMTEGREEN ,#viral #xuhuong #hottrend #tramsac #TMTEGREEN,2026-08-07T07:50:58+00:00,8,reject,missing_group:electric_bus,0
7683030534414486804,https://www.tiktok.com/@daiphucar/video/7683030534414486804,trạm sạc xe buýt điện,kw_tram_sac_xe_buyt_dien,Dàn hoa hậu chất🥰 Nay đi sờ vào các e yêu tí🤭 mời các em nao về cty chích điện🤣 #tramsacyetkieu  #xaytramsac  #TramsacHoyetkieu  #ptgquangninh  #xebusdienvin ,#tramsacyetkieu #xaytramsac #TramsacHoyetkieu #ptgquangninh #xebusdienvin,2026-09-08T05:22:37+00:00,1,reject,missing_group:electric_bus,0
7674096373171703048,https://www.tiktok.com/@dainambd/video/7674096373171703048,giá vé xe buýt điện,kw_gia_ve_xe_buyt_dien,,,2026-08-15T03:33:25+00:00,92,reject,missing_group:electric_bus,0
7687610722804567316,https://www.tiktok.com/@xediensonthuy75/video/7687610722804567316,giá vé xe buýt điện,kw_gia_ve_xe_buyt_dien,"🛵 Đạp điện S1 plus - thắng đĩa 🎁 Tặng xinhan 7 màu 🎁 Tặng tem, thảm, mũ bảo hiểm. ✅ Chỉ 12.490.000đ ✅ 5 bình ✅ Động cơ 800w ✅ ic mở tốc (tốc độ 50-55km/h) #xediensonthuy #s1plus #v1plus #xedapdien #dilinh",#xediensonthuy #s1plus #v1plus #xedapdien #dilinh,2026-09-20T13:35:58+00:00,2,reject,missing_group:electric_bus,0
7686146396919057671,https://www.tiktok.com/@bustphcm51/video/7686146396919057671,lộ trình VinBus,kw_lo_trinh_vinbus,"tuyến SPG : vinhome centelpark- vinhome sai gon park  tiết về tuyến VinBus SPG (Vinhomes Saigon Park) tại TP.HCM: Lộ trình chi tiết • Điểm xuất phát: Vinhomes Central Park • Các điểm dừng: Vinhomes Golden River (Ba Son), Vinhomes Đồng Khởi, đường Cộng Hòa • Điểm đến: Vinhomes Saigon Park (Hóc Môn) Thông tin vận hành • Tần suất: 4 chuyến mỗi ngày • Giờ hoạt động:  • Chuyến đi: 08:00 và 09:00 từ Vinhomes Central Park  • Chuyến về: 13:30, 14:30 và 16:00 từ Vinhomes Saigon Park • Giá vé: Miễn phí • Chiều dài tuyến: 38km • Phương tiện: Xe điện hiện đại #xebuytspg#vinbus_phụng_sự_từ_trái_tim #xuhuong #viral ",#xebuytspg #vinbus_phụng_sự_từ_trái_tim #xuhuong #viral,2026-09-16T14:53:41+00:00,9,accept,electric_bus,1
7685375529951710482,https://www.tiktok.com/@hanoibus107/video/7685375529951710482,lộ trình VinBus,kw_lo_trinh_vinbus,Lộ trình tuyến E07TC: Long Biên - Kim Mã - KCNC Hòa Lạc Giá vé: 3000 Đồng Mở Cửa + 450 Đồng x KM di chuyển Tần suất: 30 phút/chuyến ĐVCQ: Công ty TNHH Dịch vụ Vận tải Sinh thái Vinbus Thời gian hoạt động Từ thứ 2 đến thứ 7 và Chủ nhật Long Biên: 05:00 - 21:00 Hòa Lạc: 05:00 - 21:00 #vinbus #buse07tc #viral #hoalac #vinbushanoi ,#vinbus #buse07tc #viral #hoalac #vinbushanoi,2026-09-14T13:02:17+00:00,0,accept,electric_bus,1
7671615909865278727,https://www.tiktok.com/@vietanh_do.03/video/7671615909865278727,tuyến VinBus Hà Nội,kw_tuyen_vinbus_ha_noi,Trả lời @xinchaohuyenne  Quy trình thanh toán vé lượt xe buýt bằng tiền nạp thẻ vé giao thông. #thevegiaothonghn #VinBus #Hanoibus ,#thevegiaothonghn #VinBus #Hanoibus,2026-08-08T11:07:55+00:00,13,accept,electric_bus,1
7668927575145647381,https://www.tiktok.com/@lostvn75/video/7668927575145647381,tuyến VinBus Hà Nội,kw_tuyen_vinbus_ha_noi,#vinbus #chay cháy xe bus điện vin ở hai bà trưng hà nội. 1 8 2026,#vinbus #chay,2026-08-01T05:15:50+00:00,2,accept,electric_bus,1
7688597695342120212,https://www.tiktok.com/@lover208.01/video/7688597695342120212,tuyến VinBus Hà Nội,kw_tuyen_vinbus_ha_noi,Tuyến bus 41: Bx Giáp Bát - Bx Nam Thăng Long. Bks: 29B-027.46 ĐVCT: Ct xe điện Hà Nội #xuhuong#hanoibus_transerco#viarl#bus41#vinbuseb8 ,#xuhuong #hanoibus_transerco #viarl #bus41 #vinbuseb8,2026-09-23T05:25:56+00:00,0,reject,missing_group:electric_bus,0
7679285833844690194,https://www.tiktok.com/@fireant_official/video/7679285833844690194,tuyến VinBus Hà Nội,kw_tuyen_vinbus_ha_noi,Tập đoàn Vingroup của tỷ phú Phạm Nhật Vượng chính thức miễn phí 100% vé VinBus tại Hà Nội từ 29/8 đến hết 02/9/2026 #tintuc #vingroup #dautu #taichinh #chungkhoan #fireant #xuhuong,#tintuc #vingroup #dautu #taichinh #chungkhoan #fireant #xuhuong,2026-08-29T03:11:50+00:00,2,accept,electric_bus,1
7675008019926666503,https://www.tiktok.com/@thuanmasterise/video/7675008019926666503,tuyến VinBus Hà Nội,kw_tuyen_vinbus_ha_noi,Anh chị cập nhật thông tin mới nhất về tuyến vinbus đi từ Hà Nội xuống Hạ Long Xanh nhé. Dừng chạy từ 01/09 #vinbus #halong #thuantranbds #xuhuonh,#vinbus #halong #thuantranbds #xuhuonh,2026-08-17T14:31:02+00:00,10,accept,electric_bus,1
7686865849784864017,https://www.tiktok.com/@taolathanhrealnhe/video/7686865849784864017,tuyến VinBus Hà Nội,kw_tuyen_vinbus_ha_noi,#hanoibus_transerco #vinbus con nào về trước thì quay con đấy nhé =)),#hanoibus_transerco #vinbus,2026-09-18T13:25:37+00:00,1,accept,electric_bus,1
7682344054629158151,https://www.tiktok.com/@shiroko_hanoibus/video/7682344054629158151,tuyến VinBus Hà Nội,kw_tuyen_vinbus_ha_noi,Xe Buýt Tuyến E11 : Yên Phụ - Bờ Hồ - Lăng Bác - Yên Phụ   ĐVCQ : Vinbus  BKS : 29H-970.29 #buse11 #vinbus #xuhuong ,#buse11 #vinbus #xuhuong,2026-09-06T08:58:39+00:00,0,accept,electric_bus,1
7670788474454248724,https://www.tiktok.com/@baogo69/video/7670788474454248724,cảm nhận đi VinBus,kw_cam_nhan_di_vinbus,Những trải nghiệm chưa tốt chỉ là 1 phần nhỏ trong rất nhiều lần đi xe Bus của mình. Mình hi việc ứng xử khi đi xe Bus trở nên tốt và văn minh hơn để có thể phục vụ người dân tốt hơn #bus #kinhnghiem #travel #fyp ,#bus #kinhnghiem #travel #fyp,2026-08-06T05:37:03+00:00,209,reject,missing_group:electric_bus,0
7671466343627181333,https://www.tiktok.com/@khanhtoan.bds/video/7671466343627181333,cảm nhận đi VinBus,kw_cam_nhan_di_vinbus,toà G5 rất thuận tiện. Review tuyến VinBus nội khu thời gian di chuyển từ toà G5 Sola Park đến điểm Vườn nhật Vincom #solapark #g5g6 #vinbus #vinhomessmartcity  ,#solapark #g5g6 #vinbus #vinhomessmartcity,2026-08-08T01:27:33+00:00,27,accept,electric_bus,1
7687904762901073159,https://www.tiktok.com/@leo19vn/video/7687904762901073159,xe buýt điện có tốt không,kw_xe_buyt_dien_co_tot_khong,Xe buýt điện Vinfast.  Xe buýt Việt Nam bây giờ hiện đại và sạch đẹp quá. Đất nước thực sự đang phát triển từng ngày. Xe buýt miễn phí mọi người nên ưu tiên đi nếu thuận tiện nhé. Bảo vệ môi trường,,2026-09-21T08:37:10+00:00,1,accept,electric_bus,1
7675339973343726869,https://www.tiktok.com/@minmarcoparisien/video/7675339973343726869,trải nghiệm đi VinBus,kw_trai_nghiem_di_vinbus,"Trải nghiệm thực tế của tôi về xe Bus đô thị tại TP.HCM, Paris, Copenhagen và Thượng Hải sẽ như thế nào? I. Đặt lên bàn cân (sự êm ái khi vận hành):  Tôi so sánh độ êm của xe trên một số tuyến đường nội đô có điều kiện giao thông tương đối tương đồng. Tôi chỉ mới đi thử một tuyến duy nhất của VinBus (tuyến 93), nhưng thực sự ấn tượng về độ êm mà nó mang lại. Các lực tác động từ mặt đường truyền lên cơ thể gần như được triệt tiêu, trong khi FUTA City Bus chưa cho tôi cảm giác tương tự. Không quá khi nói, tinh túy của một chiếc xe nằm nhiều ở khung gầm và hệ thống truyền động. Một chiếc bus muốn vận hành êm phải có kết cấu khung đủ chắc, hệ thống treo nâng đỡ và hấp thụ xung lực tốt. Bên cạnh việc xử lý những cú xóc lớn, hệ thống treo tốt phải có khả năng dập tắt được các dao động nhỏ, tần số cao, điều mà hành khách cảm nhận rõ nhất! Về hệ thống phanh, tôi cảm giác tính năng điều khiển áp suất phanh và kiểm soát độ giật khi giảm tốc trên các sản phẩm FUTA City Bus chưa thực sự tốt. Cơ thể tôi luôn bị chao đảo và chúi về phía trước khi xe giảm tốc, phanh lúc trả khách, cũng như trong các tình huống cần dùng đến phanh. II. Xét trên bình diện quốc tế:  Suy nghĩ hàng Âu lúc nào cũng tốt không hẳn đúng, đặc biệt với Heuliez Bus và Iveco Urbanway tại Paris. Phần lớn đường nội đô tại đây được lót đá nên xe đi vào không tránh khỏi xóc, nhưng ở giới hạn nào đó thôi chứ như chơi thú nhún thì… Hệ thống treo mấy con xe này thực sự nên xem lại, kể cả hệ thống phanh. VDL Citea SLFA-180 Electric tại Copenhagen lại cho tôi trải nghiệm tốt hơn nhiều. Khả năng dập tắt dao động và kiểm soát độ giật khi giảm tốc, theo cảm nhận cá nhân, ở mức 8/10. Nhưng tuyệt nhất vẫn là con Shanghai Sunwin Bus, đi nó êm mà nó sướng gì đâu. Sản phẩm nội địa Trung vẫn là cái gì đó rất đỉnh của chóp. #XeBus #CityBus #XeBusTPHCM #GiaoThongCongCong #VinBus #FutaCityBus #BusReview #PublicTransport #UrbanMobility #BusEnthusiast",#XeBus #CityBus #XeBusTPHCM #GiaoThongCongCong #VinBus #FutaCityBus #BusReview #PublicTransport #UrbanMobility #BusEnthusiast,2026-08-18T11:59:11+00:00,41,accept,electric_bus,1
7688281333717634305,https://www.tiktok.com/@theanh28trending/video/7688281333717634305,xe điện VinFast công cộng,kw_xe_dien_vinfast_cong_cong,ANH EM MÀ SỞ HỮU EM EVO GRAND NÀY THÌ ĐI ĐẾN ĐÂU SIÊU BÁ KHÍ LAN TỚI ĐÓ #theanh28trending #theanh28 #tiktokgiaitri #tiktoknews,#theanh28trending #theanh28 #tiktokgiaitri #tiktoknews,2026-09-22T09:20:00+00:00,654,reject,missing_group:electric_bus,0
7690163894026849588,https://www.tiktok.com/@lm.fast/video/7690163894026849588,xe điện VinFast công cộng,kw_xe_dien_vinfast_cong_cong,Evo Grand Premia và những điểm đáng xuống tiền #lamfast #vinfasttaysaigon #thuxangdoidien #evograndpremia #evograndlimited @ALO LÂM FAST @Phan Võ Lâm @Bác Sĩ Xe Điện ,#lamfast #vinfasttaysaigon #thuxangdoidien #evograndpremia #evograndlimited,2026-09-27T10:43:33+00:00,67,reject,missing_group:electric_bus,0
7689711486955998482,https://www.tiktok.com/@xedienvietthanh/video/7689711486955998482,xe điện VinFast công cộng,kw_xe_dien_vinfast_cong_cong,Ai nói Evo Premia chỉ khác cái ngoại hình thì gửi ngay video này cho xem. Review sớm 1️⃣xe Premia chính thức #xedienvietthanh #vinfast #xemaydien #evogrand #premia ,#xedienvietthanh #vinfast #xemaydien #evogrand #premia,2026-09-26T05:28:09+00:00,280,reject,missing_group:electric_bus,0
7690182761784544532,https://www.tiktok.com/@bshipvn/video/7690182761784544532,xe điện VinFast công cộng,kw_xe_dien_vinfast_cong_cong,Bship mienphi dangky Platform cho tài xế có sẵn xe điện Vinfast 🛵🛵🛵 #bship #platform #xeomcongnghe #taixecongnghe #xemaydienvinfast ,#bship #platform #xeomcongnghe #taixecongnghe #xemaydienvinfast,2026-09-27T11:56:46+00:00,0,reject,missing_group:electric_bus,0
7680349606890327317,https://www.tiktok.com/@vinfast_quangngai_nlx/video/7680349606890327317,xe điện VinFast công cộng,kw_xe_dien_vinfast_cong_cong,"🚗 VF2 – Xe điện nhỏ gọn, dễ sở hữu, cực hợp đi phố! 💚 🔥 Giá sở hữu chỉ từ 91 triệu đồng 🎁 Miễn 100% lệ phí trước bạ ⚡ Miễn phí sạc tại các trạm sạc công cộng đến 10/02/2029 #VinFastVF2 #VF2      #VinFastQuangNgai #XeDienVinFast #XeDien   ",#VinFastVF2 #VF2 #VinFastQuangNgai #XeDienVinFast #XeDien,2026-08-31T23:59:18+00:00,1,reject,missing_group:electric_bus,0
7685990564960931079,https://www.tiktok.com/@vinfast_huynguyen/video/7685990564960931079,xe điện VinFast công cộng,kw_xe_dien_vinfast_cong_cong,Nguồn: Chê Xe Chất  #VinFastHuyNguyenPhat #XeMayDienVinFast #VinFast ,#VinFastHuyNguyenPhat #XeMayDienVinFast #VinFast,2026-09-16T04:48:56+00:00,2,reject,missing_group:electric_bus,0
7690006100665486610,https://www.tiktok.com/@xe.vne/video/7690006100665486610,xe điện VinFast công cộng,kw_xe_dien_vinfast_cong_cong,Lần đầu Sờ xe máy điện quốc dân #vinfast #evogrand Premia #xuhuongtiktok #xuhuong #creatorsearchinsights  ,#vinfast #evogrand #xuhuongtiktok #xuhuong #creatorsearchinsights,2026-09-27T00:31:19+00:00,1,reject,missing_group:electric_bus,0
7678659101534063880,https://www.tiktok.com/@xmd_vinfast_socson/video/7678659101534063880,xe điện VinFast công cộng,kw_xe_dien_vinfast_cong_cong,"Một mẫu xe ngon bổ rẻ dành cho anh em học sinh cấp 2, lưu ngay lại kẻo khi cần nhé anh em. #xemaydien #xedienvinfast #vinfastdonganh #vinfastsocson #fyb ",#xemaydien #xedienvinfast #vinfastdonganh #vinfastsocson #fyb,2026-08-27T10:39:08+00:00,6,reject,missing_group:electric_bus,0
7689767119193394438,https://www.tiktok.com/@vinfastnamhong/video/7689767119193394438,xe điện VinFast công cộng,kw_xe_dien_vinfast_cong_cong,"🚗 Thu Xăng Đổi Điện – Xin chào Từ Sơn! 26–27/09 tại Hội trường phường Từ Sơn, thu xe xăng giá tốt, trợ giá đến 6 triệu, lái thử xe điện VinFast và nhận quà ngay! #VinfastNamHong #VinfastVietNam #ThuXangDoiDien #TuSon #BacNinh",#VinfastNamHong #VinfastVietNam #ThuXangDoiDien #TuSon #BacNinh,2026-09-26T09:04:09+00:00,11,reject,missing_group:electric_bus,0
7689794470870551829,https://www.tiktok.com/@xemaydienvinfastluot/video/7689794470870551829,xe điện VinFast công cộng,kw_xe_dien_vinfast_cong_cong,"Review Evo200 Hotline 0877550598- 0868921088Evo200, Pin 3.5 cực trâu, bền bỉ, đi dài, tối ưu kinh phí cho anh em chạy Xanh, AE đi làm cả tuần không lo hết pin. Chất lượng xe thì không cần bàn cãi, đã được kiểm chứng lâu nay. Vậy trên 20tr có đáng để mua? #evo200 ",#evo200,2026-09-26T10:50:01+00:00,0,reject,missing_group:electric_bus,0
7689821747369004295,https://www.tiktok.com/@phonggio_techexpert/video/7689821747369004295,xe điện VinFast công cộng,kw_xe_dien_vinfast_cong_cong,"Sờ thử VinFast Evo Grand Premia mới: Xe điện hai chục củ có số lùi, hazard, passing xịn như xe trăm triệu! #vulaci #learnontiktok #VinFast",#vulaci #learnontiktok #VinFast,2026-09-26T12:35:55+00:00,28,reject,missing_group:electric_bus,0
7690175288277224724,https://www.tiktok.com/@letuanhclight/video/7690175288277224724,xe điện VinFast công cộng,kw_xe_dien_vinfast_cong_cong,"Mưa tầm tã mới thấy giá trị của chiếc ""áo mưa 4 bánh"" VinFast VF 2! Đi xe máy che chắn vất vả thế này, liệu xe điện mini có sớm thay thế hoàn toàn xe hai bánh tại đô thị? Anh em chọn che mưa che nắng hay trung thành với xe máy? 🚗⚡ #VF2 #VinFastVF2 #XeDienMini #ReviewXe #otodien ",#VF2 #VinFastVF2 #XeDienMini #ReviewXe #otodien,2026-09-27T11:27:46+00:00,2,reject,missing_group:electric_bus,0
7687180959111793928,https://www.tiktok.com/@vinphat.thanhdoan/video/7687180959111793928,xe điện VinFast công cộng,kw_xe_dien_vinfast_cong_cong,#xedienvinfastthanhdoan #xedienvinfats #vinfastbinhduong #vinfastbinhduong Filiz 2 chỉ còn 18 triệu tại VinFast thanh đoàn áp dụng từ 19:9 ,#xedienvinfastthanhdoan #xedienvinfats #vinfastbinhduong #vinfastbinhduong,2026-09-19T09:48:16+00:00,4,reject,missing_group:electric_bus,0
7689668947011980565,https://www.tiktok.com/@vinfastviethan/video/7689668947011980565,xe điện VinFast công cộng,kw_xe_dien_vinfast_cong_cong,"MỌI THỨ ĐÃ SẴN SÀNG! Không khí sự kiện THU XĂNG – ĐỔI ĐIỆN tại VinFast Việt Hàn đã sẵn sàng đón Quý anh chị. Sự kiện diễn ra đến 20h tối nay – Thứ 7, 26/9. Mời Quý anh chị ghé tham quan, trải nghiệm xe và nhận những phần quà hấp dẫn nhé! #thuxangdoidien , #xemay #xemaydien #xemaydienvinfast #vinfastviethan ",#thuxangdoidien #xemay #xemaydien #xemaydienvinfast #vinfastviethan,2026-09-26T02:42:56+00:00,0,reject,missing_group:electric_bus,0
7688567736301030664,https://www.tiktok.com/@duongdeofficial/video/7688567736301030664,xe điện VinFast công cộng,kw_xe_dien_vinfast_cong_cong,Xe điện nhưng có bình xăng - Vinfast VF WILD #duongdereview #learnontiktok #mcv ,#duongdereview #learnontiktok #mcv,2026-09-23T03:29:44+00:00,106,reject,missing_group:electric_bus,0
7688257720197123349,https://www.tiktok.com/@quynhngoxe/video/7688257720197123349,xe điện VinFast công cộng,kw_xe_dien_vinfast_cong_cong,"#creatorsearchinsights #carsvideos Xe bán tải cầu trước VF WILD, xe điện nhưng có mức tiêu thụ 1,2l/100km #xuhuong #viral #vinfast ",#creatorsearchinsights #carsvideos #xuhuong #viral #vinfast,2026-09-22T07:26:42+00:00,67,reject,missing_group:electric_bus,0
7679396465000631559,https://www.tiktok.com/@vfnhansinhthanh/video/7679396465000631559,xe điện VinFast công cộng,kw_xe_dien_vinfast_cong_cong,"Anh chị muốn đi xa, kiểu dáng thể thao thì dòng xe Kinet với nhiều tính năng của dòng xe mới ra mắt hãy cùng xem qua nha. #vinfastnhansinhthanh #vinfast #xedien #kinet #kyo",#vinfastnhansinhthanh #vinfast #xedien #kinet #kyo,2026-08-29T10:20:29+00:00,462,reject,missing_group:electric_bus,0
7669619690972499221,https://www.tiktok.com/@vinfastdongdohaiduong/video/7669619690972499221,xe điện VinFast công cộng,kw_xe_dien_vinfast_cong_cong,Hơn 100 thôi dễ tiếp cận lắm ạ Hải Dương em hỗ trợ mua vf2🤭#xuhuong #xedien #vinfast #vf2 #vinfasthaiduong ,#xuhuong #xedien #vinfast #vf2 #vinfasthaiduong,2026-08-03T02:01:42+00:00,3709,reject,missing_group:electric_bus,0
7690082792864042241,https://www.tiktok.com/@vinfastvgankhanh/video/7690082792864042241,xe điện VinFast công cộng,kw_xe_dien_vinfast_cong_cong,Xe bán tải điện khoẻ đi được xa chỉ có thể là VF Wild #vinfastvgankhanh #vinfastankhanh #vinfast #vfwild ,#vinfastvgankhanh #vinfastankhanh #vinfast #vfwild,2026-09-27T05:28:59+00:00,1,reject,missing_group:electric_bus,0
7690080990827400449,https://www.tiktok.com/@xemaynamhihi1/video/7690080990827400449,xe điện VinFast công cộng,kw_xe_dien_vinfast_cong_cong,Trả lời @tintintran8 Xe điện chạy dịch vụ . #xedien #xevinfast ,#xedien #xevinfast,2026-09-27T05:21:57+00:00,16,reject,missing_group:electric_bus,0
7687043232009686292,https://www.tiktok.com/@kimlongmotor.official/video/7687043232009686292,buýt điện thông minh,kw_buyt_dien_thong_minh,"DẤU ẤN LỊCH SỬ – XE CITY BUÝT THUẦN ĐIỆN EV KIM LONG CHÍNH THỨC XUẤT CẢNG CHINH PHỤC THỊ TRƯỜNG QUỐC TẾ ⚡🚍  Ngày 18/9/20206, Một dấu mốc mới được ghi dấu tại Cảng Chân Mây (Thành phố Huế): Lô 9 xe city buýt thuần điện KIM LONG chính thức lên chuyến tàu NYK KL7979 xuất khẩu sang Thái Lan, tiếp tục hành trình đưa những sản phẩm ô tô “Made in Vietnam” tiến sâu hơn vào thị trường quốc tế.  Không chỉ là những chiếc xe lăn bánh, đây là lời khẳng định mạnh mẽ về năng lực sản xuất, tư duy đổi mới và tầm vóc của KIM LONG MOTOR - Tự tin ghi tên Việt Nam lên bản đồ sản xuất ô tô khu vực bằng chính tri thức và nội lực bền vững. Cùng nhìn lại khoảnh khắc những chiếc xe thuần điện EV KIM LONG vươn ra biển lớn. #KIMLONGMOTOR #KIMLONG #XUATKHAU #XETHUANDIEN #KIMLONGB30EV #thailand #innopower",#KIMLONGMOTOR #KIMLONG #XUATKHAU #XETHUANDIEN #KIMLONGB30EV #thailand #innopower,2026-09-19T00:53:51+00:00,10,reject,missing_group:electric_bus,0
7669612772350545160,https://www.tiktok.com/@longgiang_corp/video/7669612772350545160,buýt điện thông minh,kw_buyt_dien_thong_minh,"SỨC MẠNH THUẦN ĐIỆN – TRẢI NGHIỆM THAM QUAN ĐẲNG CẤP Xe buýt tham quan thuần điện 2 tầng ZHONGTONG N11D là giải pháp vận tải du lịch thế hệ mới, đáp ứng xu hướng phát triển giao thông xanh và bền vững. Được phân phối bởi Long Giang, mẫu xe mang đến khả năng vận hành mạnh mẽ, tiết kiệm năng lượng và trải nghiệm tham quan ấn tượng cho hành khách. Trong video này, hãy cùng khám phá những điểm nổi bật của ZHONGTONG N11D: ✅ Pin điện dung lượng 279 kWh, phạm vi hoạt động trên 200 km mỗi lần sạc. ✅ Kiến trúc phân phối điện kỹ thuật số thông minh giúp tối ưu hiệu suất và đảm bảo vận hành ổn định. ✅ Khả năng leo dốc ≥25%, vận hành linh hoạt trên nhiều địa hình trong khu du lịch và đô thị. ✅ Hệ truyền động điện mang lại khả năng tăng tốc mượt mà, khởi động và dừng xe êm ái, nâng cao trải nghiệm hành khách. ✅ Thiết kế trọng lượng nhẹ giúp giảm tiêu hao năng lượng, tăng tuổi thọ linh kiện và tối ưu chi phí khai thác. ✅ Sức chứa 52 hành khách, tầng trên không gian mở mang đến góc nhìn toàn cảnh, lý tưởng cho các tuyến xe tham quan thành phố và khu du lịch. ✅ Thiết kế lên xuống chỉ 1 bậc, chiều cao bậc ≤360 mm giúp người cao tuổi và trẻ em dễ dàng sử dụng. ✅ Khung xe liền khối Monocoque cùng hệ thống treo khí nén mang lại cảm giác êm ái và an toàn trên mọi hành trình. ZHONGTONG N11D không chỉ là phương tiện vận chuyển mà còn là giải pháp nâng tầm trải nghiệm du lịch, góp phần thúc đẩy xu hướng giao thông xanh tại Việt Nam.",,2026-08-03T01:34:52+00:00,0,reject,missing_group:electric_bus,0
7684130619873316116,https://www.tiktok.com/@mttaynguyen/video/7684130619873316116,buýt điện thông minh,kw_buyt_dien_thong_minh,"KHOẢNH KHẮC BÀN GIAO 09 XE CITY BUÝT THUẦN ĐIỆN KIMLONG B30-EV, SẴN SÀNG KIẾN TẠO GIAO THÔNG XANH TẠI THÁI LAN Ngày 10/9/2026 đánh dấu một cột mốc quan trọng có ý nghĩa đặc biệt không chỉ với riêng KIM LONG MOTOR mà còn đối với ngành công nghiệp Việt Nam nói chung khi 09 xe city buýt thuần điện KIMLONG B30-EV đầu tiên nằm trong Hợp đồng cung cấp 113 xe cho đối tác INNOPOWER (Thái Lan) đã được bàn giao thành công. Sự kiện không chỉ khẳng định năng lực sản xuất và tiêu chuẩn chất lượng quốc tế của các dòng xe thương hiệu Việt, mà còn mở ra bước ngoặt mới trong hành trình xuất khẩu xe thương mại thuần diện ra thị trường khu vực. Cùng nhìn lại những khoảnh khắc ấn tượng tại buổi lễ và đón chờ hành trình kiến tạo tương lai giao thông xanh phía trước! #KIMLONGMOTOR #KIMLONG #XUATKHAU #XETHUANDIEN #kimlongb30ev ",#KIMLONGMOTOR #KIMLONG #XUATKHAU #XETHUANDIEN #kimlongb30ev,2026-09-11T04:31:25+00:00,0,reject,missing_group:electric_bus,0
7679486995868978452,https://www.tiktok.com/@bacgiangford.com.vn/video/7679486995868978452,dự án xe buýt điện Hà Nội,kw_du_an_xe_buyt_dien_ha_noi,Xe buýt tự hành đã chạy thử ở Hà Nội #BacGiangFord #ford,#BacGiangFord #ford,2026-08-30T14:30:00+00:00,2,reject,missing_group:electric_bus,0
7683880815394131220,https://www.tiktok.com/@nguyentuyendatnenhoalac/video/7683880815394131220,dự án xe buýt điện Hà Nội,kw_du_an_xe_buyt_dien_ha_noi,Hòa Lạc tăng xe buýt điện xe đạp điện - giao thông tốt nhà ở càng đắt khách! #nguyentuyendatnenhoalac#hoalac#datnengiare#datnenvendo#viral ,#nguyentuyendatnenhoalac #hoalac #datnengiare #datnenvendo #viral,2026-09-10T12:22:00+00:00,2,accept,electric_bus,1
7685744737050971410,https://www.tiktok.com/@phongvienhanoibusfps/video/7685744737050971410,dự án xe buýt điện Hà Nội,kw_du_an_xe_buyt_dien_ha_noi,Tuyến buýt điện số 11CT: Công viên Thống Nhất - Học viện Nông nghiệp Việt Nam  ------Dòng xe khai thác : Vinfast Green Bus 8------ ----ĐVCQ: Xí nghiệp Buýt Hà Nội---- #xuhuong#xuhuongtiktok2026#ilovetiktok#xebuythanoi#hanoibus_transerco ,#xuhuong #xuhuongtiktok2026 #ilovetiktok #xebuythanoi #hanoibus_transerco,2026-09-15T12:55:02+00:00,0,accept,electric_bus,1
7685914439601720594,https://www.tiktok.com/@phongvienhanoibusfps/video/7685914439601720594,dự án xe buýt điện Hà Nội,kw_du_an_xe_buyt_dien_ha_noi,Tuyến buýt điện số 36: Long Biên - Yên Xá  ------Dòng xe khai thác: Vinfast Green Bus 8------ ----ĐVCQ: Xí nghiệp Buýt Hà Nội---- #xuhuonga#xuhuongtiktok2026#xebuythanoi#hanoibus_transerco#ilovetiktok ,#xuhuonga #xuhuongtiktok2026 #xebuythanoi #hanoibus_transerco #ilovetiktok,2026-09-15T23:53:34+00:00,1,accept,electric_bus,1
7685175380344425736,https://www.tiktok.com/@phongvienhanoibusfps/video/7685175380344425736,dự án xe buýt điện Hà Nội,kw_du_an_xe_buyt_dien_ha_noi,Liệu mọi người còn nhớ chiếc 3 cửa của 34 không | Tuyến buýt điện 34 : Bxe Mỹ Đình - Bxe Gia Lâm  ------Dòng xe khai thác : Vinfast Green Bus 10------  ----ĐVCQ : Công ty xe điện Hà Nội---- #xuhuong#xuhuongtiktok2026#hanoibus_transerco#xebuythanoi#ilovetiktok ,#xuhuong #xuhuongtiktok2026 #hanoibus_transerco #xebuythanoi #ilovetiktok,2026-09-14T00:05:42+00:00,0,accept,electric_bus,1
7680066683871956245,https://www.tiktok.com/@phmthnh2662/video/7680066683871956245,dự án xe buýt điện Hà Nội,kw_du_an_xe_buyt_dien_ha_noi,"🚨 HÒA LẠC ĐANG CÓ CHUYỆN GÌ THẾ NÀY? 🤖🚗 Không phải phim khoa học viễn tưởng đâu nhé! 📍 Ngay tại Khu Công nghệ cao Hòa Lạc, Hà Nội đang thử nghiệm xe buýt và robot taxi tự hành. Những chiếc xe có thể vận hành bằng công nghệ tự động đang dần xuất hiện trên đường phố. 👉 Nếu công nghệ này được triển khai rộng rãi trong tương lai, giao thông ở Hòa Lạc sẽ thay đổi như thế nào? Bạn có dám bước lên một chiếc robot taxi không có tài xế? 😄 👇 Xem hết video 40 giây và để lại ý kiến nhé! #HoaLac #HoaLacTech #RobotTaxi #XeTuHanh   #Hottrend ",#HoaLac #HoaLacTech #RobotTaxi #XeTuHanh #Hottrend,2026-08-31T05:41:18+00:00,1,reject,missing_group:electric_bus,0
7680087906807057671,https://www.tiktok.com/@baonhandan.trending/video/7680087906807057671,chính sách vé xe buýt điện,kw_chinh_sach_ve_xe_buyt_dien,"Từ 1/9, người dân có thể dùng liên thông vé metro và xe buýt #baonhandan #baonhandantrending #theanh28 #tiktoknews ",#baonhandan #baonhandantrending #theanh28 #tiktoknews,2026-08-31T07:03:47+00:00,7,reject,missing_group:electric_bus,0
7683426902488403220,https://www.tiktok.com/@thanhphoquangninhnews/video/7683426902488403220,chính sách vé xe buýt điện,kw_chinh_sach_ve_xe_buyt_dien,Chính sách đặc biệt của thành phố Quảng Ninh: đưa đón học sinh bằng xe bus điện thu hút sự quan tâm của người dân #ThanhphoQuangNinhNews #tiktoktintuc #tiktoknews #QuangNinh ,#ThanhphoQuangNinhNews #tiktoktintuc #tiktoknews #QuangNinh,2026-09-09T07:00:40+00:00,2,accept,electric_bus,1
7680001950393322773,https://www.tiktok.com/@vtv24news/video/7680001950393322773,chính sách vé xe buýt điện,kw_chinh_sach_ve_xe_buyt_dien,"Hành khách có thể sử dụng thẻ vật lý gắn chip hoặc thẻ ảo trên điện thoại để đi lại trên toàn mạng lưới. Vé liên thông có giá tháng từ 250.000 đồng, giảm 40% so với mua riêng từng loại hình.#tiktoknews #vtv24 #VTV",#tiktoknews #vtv24 #VTV,2026-08-31T05:30:00+00:00,0,reject,missing_group:electric_bus,0
7680410186019769621,https://www.tiktok.com/@chuyendong24hnews/video/7680410186019769621,chính sách vé xe buýt điện,kw_chinh_sach_ve_xe_buyt_dien,"Dịp nghỉ lễ Quốc khánh 2/9, Hà Nội đã áp dụng chính sách miễn vé xe buýt và đường sắt đô thị trong 5 ngày. Điều này không chỉ đảm bảo thuận tiện cho người dân di chuyển mà còn góp phần tạo thói quen sử dụng giao thông công cộng, từng bước hạn chế phương tiện cá nhân để giảm áp lực về giao thông trên địa bàn thủ đô. #vtv #chuyendong24h #giaothong #metro #xebuyt",#vtv #chuyendong24h #giaothong #metro #xebuyt,2026-09-01T05:00:00+00:00,0,reject,missing_group:electric_bus,0
7680796381996387605,https://www.tiktok.com/@tranbao312002/video/7680796381996387605,so sánh xe buýt điện xe buýt thường,kw_so_sanh_xe_buyt_dien_xe_buyt_thuong,nhiều chiếc xe bus điện lên xe cái thấy mệt ngang 🥲 #genzhocy #svy #xebus ,#genzhocy #svy #xebus,2026-09-02T04:52:54+00:00,6,accept,electric_bus,1
7680226199620111636,https://www.tiktok.com/@minh.thanh9339/video/7680226199620111636,hình ảnh xe buýt điện,kw_hinh_anh_xe_buyt_dien,Lần trải nghiệm xe buýt điện đầu tiên #ảnh cũ !,#ảnh,2026-08-31T16:00:17+00:00,0,accept,electric_bus,1
7689726861982600500,https://www.tiktok.com/@vinfast304/video/7689726861982600500,xe buýt điện VinFast Hà Nội,kw_xe_buyt_dien_vinfast_ha_noi,Của nhà làm được .Xe buýt VINFAST đưa đón công nhân đến công trường SVĐ Trống Đồng.,,2026-09-26T06:27:43+00:00,4,reject,missing_group:electric_bus,0
7678196148170984711,https://www.tiktok.com/@kmvhmv/video/7678196148170984711,xe buýt điện VinFast Hà Nội,kw_xe_buyt_dien_vinfast_ha_noi,Green bus 10 chạy xuyên qua khu chà là ocean city #vinbusvideos #residentialstreets #electricbus ,#vinbusvideos #residentialstreets #electricbus,2026-08-26T04:42:37+00:00,1,reject,missing_group:electric_bus,0
7674821790190816533,https://www.tiktok.com/@snap.boy.love.bus.plane/video/7674821790190816533,xe buýt điện VinFast Hà Nội,kw_xe_buyt_dien_vinfast_ha_noi,Clip thực hiện ngày 15/8/26 #29e55991 #bus21a (vá 21B) #vinfastgreenbus10,#29e55991 #bus21a #vinfastgreenbus10,2026-08-17T02:28:26+00:00,0,reject,missing_group:electric_bus,0
