article_url,publisher,discovery_query,title,published_at,gate_verdict,gate_rule,in_date_window,has_comments_confirmed,keep
https://vnexpress.net/duong-pho-ha-noi-ngap-un-tac-nhin-tu-tren-cao-5114275.html,VnExpress,ngập lụt Hà Nội,"Đường phố Hà Nội ngập, ùn tắc nhìn từ trên cao",2026-08-27T20:47:10+07:00,accept,du_3_nhom,no,no_widget,0
https://vnexpress.net/nguoi-ha-noi-tim-duong-di-lam-sau-mua-lon-5121209.html,VnExpress,ngập lụt Hà Nội,Người Hà Nội tìm đường đi làm sau mưa lớn - Báo VnExpress Đời sống,2026-09-17T09:20:31+07:00,accept,du_3_nhom,no,yes,0
https://vnexpress.net/nhieu-tuyen-duong-ha-noi-un-tac-keo-dai-sau-mua-lon-5103941.html,VnExpress,ngập lụt Hà Nội,Nhiều tuyến đường Hà Nội ùn tắc kéo dài sau mưa lớn,2026-07-31T22:52:18+07:00,reject,thieu_nhom:A_ngap_lut,no,no_widget,0
https://vnexpress.net/ha-noi-ngap-nhin-tu-tren-cao-5121402.html,VnExpress,ngập lụt Hà Nội,Hà Nội ngập nhìn từ trên cao,2026-09-17T16:26:40+07:00,reject,thieu_nhom:B_giao_thong_tac_dong,no,no_widget,0
https://vnexpress.net/nguoi-ha-noi-chat-vat-giua-duong-ngap-5121179.html,VnExpress,ngập lụt Hà Nội,Người Hà Nội chật vật giữa đường ngập,2026-09-17T07:53:09+07:00,reject,thieu_nhom:B_giao_thong_tac_dong,no,no_widget,0
https://vnexpress.net/xe-chet-may-nguoi-ha-noi-chat-vat-tren-duong-4948103.html,VnExpress,ngập lụt Hà Nội,"Xe chết máy, người Hà Nội chật vật trên đường",2025-10-07T08:49:59+07:00,reject,thieu_nhom:A_ngap_lut+B_giao_thong_tac_dong,yes,no_widget,0
https://vnexpress.net/thay-doi-tai-nhung-ron-ngap-cu-o-ha-noi-5121814.html,VnExpress,ngập lụt Hà Nội,Thay đổi tại những 'rốn ngập' cũ ở Hà Nội - Báo VnExpress Đời sống,2026-09-18T15:25:01+07:00,accept,du_3_nhom,no,yes,0
https://vnexpress.net/lu-song-rut-cham-con-hon-5-000-nha-ngap-5122662.html,VnExpress,ngập lụt Hà Nội,"Lũ sông rút chậm, còn hơn 5.000 nhà ngập",2026-09-21T10:05:55+07:00,accept,du_3_nhom,no,yes,0
https://vnexpress.net/noi-kho-do-duong-ngay-mua-ngap-cua-nguoi-ha-noi-5122011.html,VnExpress,ngập lụt Hà Nội,Nỗi khổ 'dò đường ngày mưa ngập' của người Hà Nội - Báo VnExpress Đời sống,2026-09-21T06:29:00+07:00,accept,du_3_nhom,no,yes,0
https://vnexpress.net/mua-lu-lam-ngap-hon-2-200-nha-o-ngoai-thanh-ha-noi-5121540.html,VnExpress,ngập lụt Hà Nội,Mưa lũ làm ngập hơn 2.200 nhà ở ngoại thành Hà Nội,2026-09-17T19:47:53+07:00,accept,du_3_nhom,no,yes,0
https://vnexpress.net/nha-xuong-o-khu-ngap-nuoc-ha-noi-boc-chay-4932434.html,VnExpress,ngập nước Hà Nội,Nhà xưởng ở khu ngập nước Hà Nội bốc cháy,2025-08-28T09:50:26+07:00,reject,thieu_nhom:B_giao_thong_tac_dong,yes,no_widget,0
https://vnexpress.net/nguoi-ha-noi-tat-nuoc-boi-xuong-ngay-mua-ngap-5121340.html,VnExpress,ngập nước Hà Nội,"Người Hà Nội tát nước, bơi xuồng ngày mưa ngập",2026-09-17T14:59:18+07:00,reject,thieu_nhom:B_giao_thong_tac_dong,no,yes,0
https://vnexpress.net/trang-dem-canh-nuoc-chay-ngap-5121265.html,VnExpress,ngập nước Hà Nội,"Trắng đêm canh nước, chạy ngập - Báo VnExpress Đời sống",2026-09-17T10:53:16+07:00,accept,du_3_nhom,no,yes,0
https://vnexpress.net/xoay-xo-voi-ngap-5121344.html,VnExpress,ngập nước Hà Nội,Xoay xở với ngập,2026-09-17T14:06:21+07:00,reject,thieu_nhom:B_giao_thong_tac_dong+C_dia_diem,no,no_widget,0
https://vnexpress.net/bien-nuoc-bua-vay-vung-trung-ngoai-thanh-ha-noi-5122010.html,VnExpress,ngập nước Hà Nội,Biển nước bủa vây vùng trũng ngoại thành Hà Nội,2026-09-19T02:00:00+07:00,reject,thieu_nhom:A_ngap_lut+B_giao_thong_tac_dong,no,yes,0
https://vnexpress.net/thoi-tiet-hom-nay-mua-to-ngap-o-ha-noi-tphcm-vi-sao-ngap-du-co-nhieu-song-ho-5122143.html,VnExpress,ngập nước Hà Nội,"Mưa ngập nước ở Hà Nội, TP HCM: Cống to vẫn ngập",2026-09-19T12:25:41+07:00,accept,du_3_nhom,no,yes,0
https://vnexpress.net/5-viec-nen-lam-ngay-sau-khi-loi-nuoc-ngap-5120524.html,VnExpress,ngập nước Hà Nội,5 việc nên làm ngay sau khi lội nước ngập - Báo VnExpress Sức khỏe,2026-09-15T14:30:00+07:00,reject,thieu_nhom:C_dia_diem,no,yes,0
https://vnexpress.net/duong-ha-noi-ngap-sau-giao-thong-te-liet-5121237.html,VnExpress,Hà Nội ngập,"Đường Hà Nội ngập sâu, giao thông tê liệt",2026-09-17T10:34:46+07:00,accept,du_3_nhom,no,yes,0
https://vnexpress.net/nhieu-tuyen-pho-ha-noi-ngap-un-tac-gio-cao-diem-5120313.html,VnExpress,Hà Nội ngập,"Nhiều tuyến phố Hà Nội ngập, ùn tắc giờ cao điểm",2026-09-15T09:05:19+07:00,accept,du_3_nhom,no,no_widget,0
https://vnexpress.net/nhieu-nguoi-ngac-nhien-vi-khong-thay-ha-noi-ngap-sau-mua-5112485.html,VnExpress,Hà Nội ngập,Nhiều người ngạc nhiên vì không thấy Hà Nội ngập sau mưa - Báo VnExpress Đời sống,2026-08-24T05:00:00+07:00,accept,du_3_nhom,no,yes,0
https://vnexpress.net/mua-lon-kem-set-ha-noi-ngap-cuc-bo-5079411.html,VnExpress,Hà Nội ngập,"Mưa lớn kèm sét, Hà Nội ngập cục bộ",2026-05-28T19:56:05+07:00,reject,thieu_nhom:B_giao_thong_tac_dong,no,yes,0
https://vnexpress.net/duong-o-ha-noi-ngap-sau-mua-lon-5079406.html,VnExpress,Hà Nội ngập,Đường ở Hà Nội ngập sau mưa lớn,2026-05-28T19:13:10+07:00,reject,thieu_nhom:B_giao_thong_tac_dong,no,no_widget,0
https://vnexpress.net/nhieu-pho-ha-noi-ngap-sau-giao-thong-un-tac-sau-mua-lon-5096030.html,VnExpress,Hà Nội ngập,"Nhiều phố Hà Nội ngập sâu, giao thông ùn tắc sau mưa lớn",2026-07-10T19:24:23+07:00,accept,du_3_nhom,no,yes,0
https://vnexpress.net/noi-do-ha-noi-con-gan-20-diem-ngap-5121450.html,VnExpress,đường ngập Hà Nội,Nội đô Hà Nội còn gần 20 điểm ngập,2026-09-17T16:37:35+07:00,accept,du_3_nhom,no,yes,0
https://vnexpress.net/nhieu-truong-o-ha-noi-cho-nghi-hoc-online-vi-mua-ngap-5121154.html,VnExpress,mưa ngập Hà Nội,"Nhiều trường ở Hà Nội cho nghỉ, học online vì mưa ngập",2026-09-17T06:43:08+07:00,accept,du_3_nhom,no,yes,0
https://vnexpress.net/nhieu-tuyen-pho-ha-noi-bi-ngap-trong-mua-giong-5114248.html,VnExpress,ngập lụt giao thông Hà Nội,Nhiều tuyến phố Hà Nội bị ngập trong mưa giông,2026-08-27T19:24:29+07:00,reject,thieu_nhom:B_giao_thong_tac_dong,no,yes,0
https://vnexpress.net/du-bao-ha-noi-mua-lon-gio-tan-tam-5120531.html,VnExpress,tắc đường ngập Hà Nội,Dự báo Hà Nội mưa lớn giờ tan tầm,2026-09-15T14:33:49+07:00,accept,du_3_nhom,no,yes,0
https://vnexpress.net/nuoc-cuon-cuon-un-tac-keo-dai-trong-mua-lon-o-tp-hcm-5123461.html,VnExpress,ùn tắc ngập Hà Nội,"Nước cuồn cuộn, ùn tắc kéo dài trong mưa lớn ở TP HCM",2026-09-22T18:00:49+07:00,reject,thieu_nhom:A_ngap_lut+C_dia_diem,no,yes,0
https://vnexpress.net/bo-lan-dung-khan-cap-vanh-dai-3-co-het-un-tac-5121239.html,VnExpress,ùn tắc ngập Hà Nội,"Bỏ làn dừng khẩn cấp, vành đai 3 có hết ùn tắc?",2026-09-17T09:53:09+07:00,reject,thieu_nhom:A_ngap_lut,no,yes,0
https://vnexpress.net/un-tac-keo-dai-2-3-km-tren-mot-so-tuyen-duong-ha-noi-5120301.html,VnExpress,ùn tắc ngập Hà Nội,Ùn tắc kéo dài 2-3 km trên một số tuyến đường Hà Nội,2026-09-15T10:08:40+07:00,reject,thieu_nhom:A_ngap_lut,no,yes,0
https://vnexpress.net/cua-ngo-ha-noi-tp-hcm-un-tac-nhieu-km-tu-chieu-den-dem-5114688.html,VnExpress,ùn tắc ngập Hà Nội,"Cửa ngõ Hà Nội, TP HCM ùn tắc nhiều km từ chiều đến đêm",2026-08-28T17:58:34+07:00,reject,thieu_nhom:A_ngap_lut,no,yes,0
https://vnexpress.net/nhieu-vung-ha-du-binh-thuan-ngap-nguoi-dan-so-tan-5124372.html,VnExpress,ngập đi làm Hà Nội,"Nhiều vùng hạ du Bình Thuận ngập, người dân sơ tán",2026-09-24T18:30:25+07:00,reject,thieu_nhom:C_dia_diem,no,yes,0
https://vnexpress.net/diem-tin-21h-mua-lu-lam-ngap-hon-2-200-nha-o-ngoai-thanh-ha-noi-doi-lo-trinh-siet-phuong-thuc-tuyen-sinh-dai-hoc-2027-5121502.html,VnExpress,ngập đi làm Hà Nội,Nghe podcasts | Điểm tin 21h: Mưa lũ làm ngập hơn 2.200 nhà ở ngoại thành Hà Nội | Đổi lộ trình siết phương thức tuyển sinh đại học 2027,2026-09-17,accept,du_3_nhom,no,yes,0
https://vnexpress.net/quoc-lo-32-van-ngap-nua-met-hang-loat-xe-chet-may-5121763.html,VnExpress,xe máy ngập nước Hà Nội,"Quốc lộ 32 vẫn ngập nửa mét, hàng loạt xe chết máy",2026-09-18T12:07:56+07:00,reject,thieu_nhom:B_giao_thong_tac_dong+C_dia_diem,no,yes,0
https://vnexpress.net/ha-noi-thu-nghiem-xe-buyt-tu-hanh-robotaxi-5114096.html,VnExpress,xe buýt ngập Hà Nội,"Hà Nội thử nghiệm xe buýt tự hành, robotaxi",2026-08-27T14:04:54+07:00,reject,thieu_nhom:A_ngap_lut,no,yes,0
https://vnexpress.net/hon-3-ngay-song-chung-voi-ngap-cua-nguoi-dan-o-tu-lien-5121544.html,VnExpress,ngập Hà Nội,Hơn 3 ngày sống chung với ngập của người dân ở Tứ Liên,2026-09-17T20:01:38+07:00,reject,thieu_nhom:B_giao_thong_tac_dong+C_dia_diem,no,no_widget,0
https://vnexpress.net/loat-du-an-chong-ngap-ha-noi-tang-toc-ve-dich-5097497.html,VnExpress,ngập Hà Nội,Loạt dự án chống ngập Hà Nội tăng tốc về đích,2026-07-15T00:00:00+07:00,reject,thieu_nhom:B_giao_thong_tac_dong,no,yes,0
https://vnexpress.net/mua-lon-gio-tan-tam-giao-thong-ha-noi-roi-loan-5114244.html,VnExpress,ngập Hà Nội,"Mưa lớn giờ tan tầm, giao thông Hà Nội rối loạn",2026-08-27T17:58:48+07:00,accept,du_3_nhom,no,yes,0
https://vnexpress.net/khu-dan-cu-ngap-nuoc-suot-3-ngay-o-thu-do-5121127.html,VnExpress,ngập Thủ đô,Khu dân cư ngập nước suốt 3 ngày ở Thủ đô,2026-09-17T02:00:00+07:00,reject,thieu_nhom:B_giao_thong_tac_dong,no,yes,0
https://vnexpress.net/18-nam-song-trong-ron-ngap-giua-thu-do-5102679.html,VnExpress,ngập Thủ đô,18 năm sống trong 'rốn ngập' giữa Thủ đô - Báo VnExpress Đời sống,2026-07-29T06:00:00+07:00,accept,du_3_nhom,no,yes,0
https://vnexpress.net/khong-khi-noel-tran-ngap-thu-do-3331727.html,VnExpress,ngập Thủ đô,Không khí Noel tràn ngập thủ đô,,reject,thieu_nhom:B_giao_thong_tac_dong,no,yes,0
https://vnexpress.net/thu-do-nuoc-nao-cao-nhat-the-gioi-5123490.html,VnExpress,ngập Thủ đô,Thủ đô nước nào cao nhất thế giới?,2026-09-22T20:51:47+07:00,reject,thieu_nhom:A_ngap_lut,no,yes,0
https://vnexpress.net/hoa-loa-ken-tran-ngap-thu-do-2128204.html,VnExpress,ngập Thủ đô,Hoa loa kèn tràn ngập thủ đô,,accept,du_3_nhom,no,no_widget,0
https://vnexpress.net/nhieu-xa-o-nghe-an-ngap-do-mua-lon-5120838.html,VnExpress,ngập Thủ đô,Nhiều xã ở Nghệ An ngập do mưa lớn,2026-09-16T10:35:18+07:00,accept,du_3_nhom,no,yes,0
https://vnexpress.net/khong-tim-kiem-su-hoan-hao-chi-mong-gap-mot-nguoi-chan-thanh-5123395.html,VnExpress,ngập Hoàn Kiếm,"Không tìm kiếm sự hoàn hảo, chỉ mong gặp một người chân thành",2026-09-22T16:40:33+07:00,reject,thieu_nhom:A_ngap_lut,no,yes,0
https://vnexpress.net/du-an-chong-ngap-10-000-ty-dong-se-hoan-thanh-thang-11-5121904.html,VnExpress,ngập Hoàn Kiếm,Dự án chống ngập 10.000 tỷ đồng sẽ hoàn thành tháng 11,2026-09-18T15:48:49+07:00,reject,thieu_nhom:C_dia_diem,no,yes,0
https://vnexpress.net/nguoi-dan-noi-gi-ve-de-xuat-khai-hoan-mon-ben-ho-hoan-kiem-5118984.html,VnExpress,ngập Hoàn Kiếm,Người dân nói gì về đề xuất Khải Hoàn Môn bên hồ Hoàn Kiếm?,2026-09-12T10:51:35+07:00,reject,thieu_nhom:A_ngap_lut+B_giao_thong_tac_dong,no,no_widget,0
https://vnexpress.net/lu-tren-bao-dong-ba-gan-16-000-ngoi-nha-con-ngap-5122316.html,VnExpress,ngập Ba Đình,"Lũ trên báo động ba, gần 16.000 ngôi nhà còn ngập",2026-09-19T18:15:23+07:00,accept,du_3_nhom,no,yes,0
https://vnexpress.net/ngap-sat-mai-nha-o-lang-son-5112385.html,VnExpress,ngập Hoàng Mai,Ngập sát mái nhà ở Lạng Sơn,2026-08-23T15:38:18+07:00,reject,thieu_nhom:B_giao_thong_tac_dong+C_dia_diem,no,no_widget,0
https://vnexpress.net/tim-dong-minh-binh-yen-o-mien-tay-5118271.html,VnExpress,ngập Tây Hồ,Tìm 'đồng minh' bình yên ở miền Tây,2026-09-11T13:58:52+07:00,reject,thieu_nhom:C_dia_diem,no,yes,0
https://vnexpress.net/legacy-ha-noi-diem-nghi-duong-moi-ben-ho-tay-5121681.html,VnExpress,ngập Tây Hồ,Lègacy Hà Nội - điểm nghỉ dưỡng mới bên Hồ Tây - Báo VnExpress Du lịch,2026-09-18T10:00:00+07:00,reject,thieu_nhom:A_ngap_lut,no,no_widget,0
https://vnexpress.net/ha-noi-neu-nguyen-nhan-xuat-hien-diem-ngap-o-long-bien-5104080.html,VnExpress,ngập Long Biên,Hà Nội nêu nguyên nhân xuất hiện điểm ngập ở Long Biên,2026-08-01T16:39:11+07:00,accept,du_3_nhom,no,yes,0
https://vnexpress.net/bai-bien-mui-ne-ngap-rac-da-duoc-don-sach-5122546.html,VnExpress,ngập Long Biên,Bãi biển Mũi Né ngập rác đã được dọn sạch,2026-09-20T21:01:48+07:00,reject,thieu_nhom:C_dia_diem,no,yes,0
https://vnexpress.net/cong-qua-cao-toc-bien-hoa-vung-tau-dat-lech-khien-khu-dan-cu-ngap-nang-5120209.html,VnExpress,ngập Long Biên,Cống qua cao tốc Biên Hòa - Vũng Tàu đặt lệch khiến khu dân cư ngập nặng,2026-09-14T19:57:41+07:00,reject,thieu_nhom:C_dia_diem,no,yes,0
https://vnexpress.net/cuong-che-cong-trinh-vi-pham-o-rung-soc-son-5116466.html,VnExpress,ngập Sóc Sơn,Cưỡng chế công trình vi phạm ở rừng Sóc Sơn,2026-09-04T13:18:03+07:00,reject,thieu_nhom:A_ngap_lut,no,yes,0
https://vnexpress.net/khu-dan-cu-ven-song-boi-ngap-gan-1-5-m-5121770.html,VnExpress,ngập Đan Phượng,"Khu dân cư ven sông Bôi ngập gần 1,5 m",2026-09-18T12:22:14+07:00,reject,thieu_nhom:B_giao_thong_tac_dong+C_dia_diem,no,no_widget,0
https://vnexpress.net/thach-thuc-bua-vay-thu-tuong-duc-sau-chuoi-that-bai-bau-cu-5123411.html,VnExpress,ngập Thạch Thất,Thách thức bủa vây Thủ tướng Đức sau chuỗi thất bại bầu cử,2026-09-23T10:24:44+07:00,reject,thieu_nhom:A_ngap_lut,no,yes,0
https://vnexpress.net/vi-sao-vinh-nhanh-het-ngap-sau-tran-mua-ky-luc-399-mm-5122427.html,VnExpress,ngập Ba Vì,Vì sao Vinh nhanh hết ngập sau trận mưa kỷ lục 399 mm?,2026-09-20T14:00:00+07:00,reject,thieu_nhom:C_dia_diem,no,yes,0
https://vnexpress.net/nguoi-dan-vung-ngap-my-duc-nhan-gao-cuu-tro-3658587.html,VnExpress,ngập Mỹ Đức,Người dân vùng ngập Mỹ Đức nhận gạo cứu trợ,,reject,thieu_nhom:B_giao_thong_tac_dong,no,yes,0
https://vnexpress.net/ngoi-nha-nang-cao-2-5-m-de-thich-ung-ngap-lut-5122993.html,VnExpress,ngập Ứng Hòa,"Ngôi nhà nâng cao 2,5 m để thích ứng ngập lụt",2026-09-22T00:00:00+07:00,reject,thieu_nhom:B_giao_thong_tac_dong+C_dia_diem,no,yes,0
https://vnexpress.net/nhieu-khu-dan-cu-dong-nai-ngap-sau-sau-mua-lon-5123076.html,VnExpress,ngập Nhổn,Nhiều khu dân cư Đồng Nai ngập sâu sau mưa lớn,2026-09-21T23:07:03+07:00,reject,thieu_nhom:C_dia_diem,no,yes,0
https://vnexpress.net/trung-tam-tp-hcm-ngap-sau-sau-mua-lon-5123776.html,VnExpress,ngập Trung Văn,Trung tâm TP HCM ngập sâu sau mưa lớn,2026-09-23T15:05:04+07:00,reject,thieu_nhom:B_giao_thong_tac_dong+C_dia_diem,no,yes,0
https://vnexpress.net/ca-boi-thanh-doi-hinh-tren-con-duong-ngap-o-trung-quoc-5121876.html,VnExpress,ngập Trung Văn,Cá bơi thành đội hình trên con đường ngập ở Trung Quốc,2026-09-20T08:00:00+07:00,reject,thieu_nhom:B_giao_thong_tac_dong+C_dia_diem,no,yes,0
https://vnexpress.net/tieng-dap-theu-thao-cuu-song-hai-cong-nhan-ket-9-ngay-duoi-ham-ngap-bun-5116772.html,VnExpress,ngập Dịch Vọng,Tiếng đáp thều thào cứu sống hai công nhân kẹt 9 ngày dưới hầm ngập bùn,2026-09-05T11:20:21+07:00,reject,thieu_nhom:C_dia_diem,no,yes,0
https://vnexpress.net/so-xay-dung-ha-noi-cong-trinh-chong-ngap-khan-cap-phat-huy-hieu-qua-5121555.html,VnExpress,ngập Yên Sở,Sở Xây dựng Hà Nội: Công trình chống ngập khẩn cấp 'phát huy hiệu quả',2026-09-17T22:27:23+07:00,accept,du_3_nhom,no,yes,0
https://vnexpress.net/khanh-thanh-nha-an-moi-cho-tre-vung-cao-5123991.html,VnExpress,ngập An Khánh,Khánh thành nhà ăn mới cho trẻ vùng cao - Báo VnExpress Đời sống,2026-09-24T10:05:13+07:00,reject,thieu_nhom:A_ngap_lut+C_dia_diem,no,yes,0
https://vnexpress.net/thi-cong-thoat-nuoc-vanh-dai-2-5-duong-nguyen-trai-bi-thu-hep-5121123.html,VnExpress,ngập Nguyễn Trãi,"Thi công thoát nước vành đai 2,5, đường Nguyễn Trãi bị thu hẹp",2026-09-17T02:00:00+07:00,accept,du_3_nhom,no,yes,0
https://vnexpress.net/rao-chan-hon-1-2-km-duong-nguyen-trai-de-xay-cong-chong-ngap-5050242.html,VnExpress,ngập Nguyễn Trãi,"Rào chắn hơn 1,2 km đường Nguyễn Trãi để xây cống chống ngập",2026-03-14T00:00:00+07:00,accept,du_3_nhom,no,yes,0
https://vnexpress.net/chay-can-ho-chung-cu-90-nguyen-tuan-5120800.html,VnExpress,ngập Nguyễn Tuân,Cháy căn hộ chung cư 90 Nguyễn Tuân,2026-09-16T09:48:48+07:00,reject,thieu_nhom:A_ngap_lut,no,yes,0
https://vnexpress.net/can-ho-o-chung-cu-90-nguyen-tuan-chay-ngun-ngut-5120841.html,VnExpress,ngập Nguyễn Tuân,Căn hộ ở chung cư 90 Nguyễn Tuân cháy ngùn ngụt,2026-09-16T10:16:12+07:00,reject,thieu_nhom:A_ngap_lut+B_giao_thong_tac_dong,no,no_widget,0
https://vnexpress.net/vinh-het-ngap-sau-tran-mua-ky-luc-5122432.html,VnExpress,ngập Trần Bình,Vinh hết ngập sau trận mưa kỷ lục,2026-09-20T10:43:43+07:00,reject,thieu_nhom:C_dia_diem,no,yes,0
https://vnexpress.net/vinh-ngap-nang-trong-tran-mua-hon-300-mm-5122224.html,VnExpress,ngập Trần Bình,Vinh ngập nặng trong trận mưa hơn 300 mm,2026-09-19T13:59:04+07:00,accept,du_3_nhom,no,yes,0
https://vnexpress.net/nhieu-do-thi-trung-quoc-ngap-trong-bien-nuoc-vi-bao-narra-5112945.html,VnExpress,ngập Quang Trung,Nhiều đô thị Trung Quốc ngập trong biển nước vì bão Narra,2026-08-24T22:58:35+07:00,reject,thieu_nhom:C_dia_diem,no,yes,0
https://vnexpress.net/quang-chai-giua-pho-ngap-lut-nguoi-dan-ong-bat-ngo-trung-dam-khien-dan-mang-thich-thu-5114434.html,VnExpress,ngập Quang Trung,"Quăng chài giữa phố ngập lụt, người đàn ông bất ngờ “trúng đậm” khiến dân mạng thích thú",2026-09-04T07:50:00+07:00,reject,thieu_nhom:C_dia_diem,no,yes,0
https://thanhnien.vn/nguoi-than-khoc-nuc-no-khi-tim-thay-thi-the-nghi-la-nam-sinh-vien-mat-tich-185260918125552562.htm,Thanh Nien,ngập lụt Hà Nội,Người thân khóc nức nở khi tìm thấy thi thể nghi là nam sinh viên mất tích,2026-09-18T13:28:00+07:00,reject,thieu_nhom:A_ngap_lut+C_dia_diem,no,yes,0
https://thanhnien.vn/duong-bien-thanh-song-canh-du-an-chong-ngap-600-ti-o-ha-noi-185260917115226025.htm,Thanh Nien,ngập lụt Hà Nội,Đường biến thành sông cạnh dự án chống ngập 600 tỉ ở Hà Nội,2026-09-17T11:53:00+07:00,accept,du_3_nhom,no,yes,0
https://thanhnien.vn/bi-bom-loi-qua-nhieu-tuyen-pho-ha-noi-ngap-sau-rac-noi-lenh-benh-185260917085509621.htm,Thanh Nien,ngập lụt Hà Nội,"Bì bõm lội qua nhiều tuyến phố Hà Nội ngập sâu, rác nổi lềnh bềnh",2026-09-17T08:59:00+07:00,accept,du_3_nhom,no,yes,0
https://thanhnien.vn/ha-noi-don-mua-giai-nhiet-nguoi-dan-chat-vat-ve-nha-gio-tan-tam-185260528222504554.htm,Thanh Nien,ngập lụt Hà Nội,"Hà Nội đón mưa giải nhiệt, người dân chật vật về nhà giờ tan tầm",2026-05-28T22:31:00+07:00,reject,thieu_nhom:A_ngap_lut,no,yes,0
https://thanhnien.vn/cap-thiet-giai-quyet-ngap-lut-khi-nao-ha-noi-thoat-canh-song-chung-voi-ngap-185251120172812908.htm,Thanh Nien,ngập lụt Hà Nội,Cấp thiết giải quyết ngập lụt: Khi nào Hà Nội thoát cảnh sống chung với ngập?,2025-11-21T05:26:00+07:00,accept,du_3_nhom,no,yes,0
https://thanhnien.vn/ong-tran-sy-thanh-noi-ve-nguyen-nhan-khien-thu-do-bi-ngap-lut-nang-185251013172800456.htm,Thanh Nien,ngập lụt Hà Nội,Ông Trần Sỹ Thanh nói về nguyên nhân khiến thủ đô bị ngập lụt nặng,2025-10-13T18:57:00+07:00,accept,du_3_nhom,yes,yes,1
https://thanhnien.vn/xem-nhanh-20h-ngay-1010-ha-noi-phat-canh-bao-ngap-lut-400-xe-di-tren-via-he-trong-30-phut-bi-csgt-ghi-hinh-185251010183807251.htm,Thanh Nien,ngập lụt Hà Nội,Xem nhanh 20h ngày 10.10: Hà Nội phát cảnh báo ngập lụt | 400 xe đi trên vỉa hè bị CSGT ghi hình,2025-10-10T20:19:00+07:00,accept,du_3_nhom,yes,yes,1
https://thanhnien.vn/ho-tro-nguoi-dan-vung-lut-ha-noi-bo-cong-an-dieu-dong-xe-dac-chung-loi-nuoc-185251010194345437.htm,Thanh Nien,ngập lụt Hà Nội,"Hỗ trợ người dân vùng lụt Hà Nội, Bộ Công an điều động xe đặc chủng lội nước",2025-10-10T19:43:00+07:00,accept,du_3_nhom,yes,yes,1
https://thanhnien.vn/bo-cong-an-dua-xe-dac-chung-loi-nuoc-ho-tro-dan-vung-lut-ha-noi-18525101016363163.htm,Thanh Nien,ngập lụt Hà Nội,Bộ Công an đưa xe đặc chủng lội nước hỗ trợ dân vùng lụt Hà Nội,2025-10-10T17:13:00+07:00,accept,du_3_nhom,yes,yes,1
https://thanhnien.vn/canh-bao-nguy-co-lu-quet-sat-lo-sau-bao-matmo-18525100722354091.htm,Thanh Nien,ngập lụt Hà Nội,"Cảnh báo nguy cơ lũ quét, sạt lở sau bão Matmo",2025-10-08T06:32:00+07:00,reject,thieu_nhom:A_ngap_lut,yes,yes,0
https://thanhnien.vn/doc-la-bo-anh-dam-cuoi-ngap-nuoc-ca-lang-loi-nuoc-o-ha-noi-185260921150908392.htm,Thanh Nien,Hà Nội ngập,"Độc lạ bộ ảnh đám cưới ngập nước, cả làng lội nước ở Hà Nội",2026-09-21T16:00:00+07:00,accept,du_3_nhom,no,yes,0
https://thanhnien.vn/lang-hoa-tay-tuu-ung-ru-nong-dan-tho-dai-truoc-nguy-co-mat-trang-185260919225526483.htm,Thanh Nien,Hà Nội ngập,"Làng hoa Tây Tựu úng rũ, nông dân thở dài trước nguy cơ mất trắng",2026-09-20T05:17:00+07:00,reject,thieu_nhom:A_ngap_lut+C_dia_diem,no,yes,0
https://thanhnien.vn/ngap-lut-nhieu-noi-nguoi-ha-noi-vuot-song-tren-pho-185260917222322609.htm,Thanh Nien,Hà Nội ngập,"Ngập lụt nhiều nơi, người Hà Nội vượt sông trên phố",2026-09-18T06:43:00+07:00,accept,du_3_nhom,no,yes,0
https://thanhnien.vn/khu-dan-cu-o-ha-noi-ngap-3-ngay-nguoi-dan-chat-vat-sinh-hoat-185260917201929816.htm,Thanh Nien,Hà Nội ngập,"Khu dân cư ở Hà Nội ngập 3 ngày, người dân chật vật sinh hoạt",2026-09-17T20:34:00+07:00,accept,du_3_nhom,no,yes,0
https://thanhnien.vn/xom-nho-ngoai-thanh-ha-noi-ngap-sau-nguoi-dan-mang-so-do-chay-lu-185260917185017252.htm,Thanh Nien,Hà Nội ngập,"Xóm nhỏ ngoại thành Hà Nội ngập sâu, người dân mang sổ đỏ chạy lũ",2026-09-17T19:43:00+07:00,accept,du_3_nhom,no,yes,0
https://thanhnien.vn/kiep-nan-ra-duong-sang-giua-tuan-o-ha-noi-gui-xe-may-nha-nguoi-la-vi-ngap-185260917180847776.htm,Thanh Nien,Hà Nội ngập,Kiếp nạn ra đường sáng giữa tuần ở Hà Nội: Gửi xe máy nhà người lạ vì ngập,2026-09-17T18:23:00+07:00,accept,du_3_nhom,no,yes,0
https://thanhnien.vn/nguyen-nhan-khien-duong-canh-du-an-chong-ngap-600-ti-bi-ngap-suot-4-tieng-185260917163751793.htm,Thanh Nien,Hà Nội ngập,Nguyên nhân khiến đường cạnh dự án chống ngập 600 tỉ bị ngập suốt 4 tiếng,2026-09-17T16:58:00+07:00,reject,thieu_nhom:C_dia_diem,no,yes,0
https://thanhnien.vn/chuyen-dong-12h-phan-cong-khanh-hau-toa-nhieu-truong-o-ha-noi-nghi-hoc-vi-ngap-185260917120248878.htm,Thanh Nien,Hà Nội ngập,Chuyển động 12h: Phan Công Khanh hầu tòa | Nhiều trường ở Hà Nội nghỉ học vì ngập,2026-09-17T11:58:00+07:00,accept,du_3_nhom,no,yes,0
https://thanhnien.vn/duong-huyet-mach-canh-du-an-chong-ngap-600-ti-vo-tran-vi-ngap-185260917090941961.htm,Thanh Nien,Hà Nội ngập,Đường huyết mạch cạnh dự án chống ngập 600 tỉ vỡ trận vì ngập,2026-09-17T09:36:00+07:00,reject,thieu_nhom:C_dia_diem,no,yes,0
https://thanhnien.vn/mua-lon-ngap-duong-nguoi-ha-noi-lai-bi-bom-di-lam-185240916080700476.htm,Thanh Nien,đường ngập Hà Nội,"Mưa lớn ngập đường, người Hà Nội lại bì bõm đi làm",2024-09-16T08:11:00+07:00,accept,du_3_nhom,no,yes,0
https://thanhnien.vn/xem-nhanh-20h-ngay-189-dan-ngo-ha-noi-nhin-di-ve-sinh-vi-ngap-tim-thay-thi-the-nghi-la-nam-sinh-mat-tich-185260918194714052.htm,Thanh Nien,ngập Hà Nội,Xem nhanh 20h ngày 18.9: Dân ngõ Hà Nội ‘nhịn đi vệ sinh’ vì ngập | Tìm thấy thi thể nghi là nam sinh mất tích,2026-09-18T20:00:00+07:00,accept,du_3_nhom,no,yes,0
https://thanhnien.vn/dan-ngo-nhin-di-ve-sinh-thuc-dem-bom-nuoc-ra-khoi-nha-sau-tran-mua-lon-o-ha-noi-185260918155238727.htm,Thanh Nien,ngập Hà Nội,"Dân ngõ nhịn đi vệ sinh, thức đêm bơm nước ra khỏi nhà sau trận mưa lớn ở Hà Nội",2026-09-18T17:18:00+07:00,reject,thieu_nhom:A_ngap_lut,no,yes,0
https://thanhnien.vn/tim-kiem-nam-sinh-nghi-mat-tich-khi-di-qua-khu-vuc-ngap-o-ha-noi-185260918073311058.htm,Thanh Nien,ngập Hà Nội,Tìm kiếm nam sinh nghi mất tích khi đi qua khu vực ngập ở Hà Nội,2026-09-18T07:52:00+07:00,accept,du_3_nhom,no,yes,0
https://thanhnien.vn/nhung-diem-ngap-sau-o-ha-noi-sang-179-185260917112557656.htm,Thanh Nien,ngập Hà Nội,Những điểm ngập sâu ở Hà Nội sáng 17.9,2026-09-17T11:53:00+07:00,accept,du_3_nhom,no,yes,0
https://thanhnien.vn/ha-noi-mua-nhieu-ngay-nhung-giam-diem-ngap-sau-va-nuoc-rut-nhanh-185260825125208637.htm,Thanh Nien,ngập Hà Nội,Hà Nội mưa nhiều ngày nhưng giảm điểm ngập sâu và nước rút nhanh,2026-08-26T05:00:00+07:00,accept,du_3_nhom,no,yes,0
https://thanhnien.vn/dien-mao-7-ho-chong-ngap-khan-cap-cho-ha-noi-truoc-mua-mua-185260728151949623.htm,Thanh Nien,ngập Hà Nội,Diện mạo 7 hồ chống ngập khẩn cấp cho Hà Nội trước mùa mưa,2026-07-28T17:07:00+07:00,accept,du_3_nhom,no,yes,0
https://thanhnien.vn/nhieu-tuyen-duong-nham-nho-nut-vo-sau-cai-tao-chong-ngap-tai-ha-noi-185260717143910083.htm,Thanh Nien,ngập Hà Nội,"Nhiều tuyến đường nham nhở, nứt vỡ sau cải tạo chống ngập tại Hà Nội",2026-07-17T15:08:00+07:00,accept,du_3_nhom,no,yes,0
https://thanhnien.vn/he-thong-chong-ung-ngap-cua-ha-noi-da-phat-huy-tac-dung-rat-tot-185260715133452549.htm,Thanh Nien,ngập Hà Nội,Hệ thống chống úng ngập của Hà Nội đã phát huy tác dụng rất tốt,2026-07-15T15:23:00+07:00,accept,du_3_nhom,no,yes,0
https://thanhnien.vn/chong-ngap-o-ha-noi-ky-3-giai-phap-truoc-mat-va-tam-nhin-thien-nien-ky-185251029162729776.htm,Thanh Nien,ngập Hà Nội,Chống ngập ở Hà Nội - Kỳ 3: Giải pháp trước mắt và tầm nhìn thiên niên kỷ,2025-11-01T13:27:00+07:00,accept,du_3_nhom,no,yes,0
https://thanhnien.vn/chong-ngap-o-ha-noi-ky-2-ho-ao-be-tong-hoa-va-tu-duy-nhiem-ky-185251029155053092.htm,Thanh Nien,ngập Hà Nội,"Chống ngập ở Hà Nội - Kỳ 2: Hồ ao, bê tông hóa và tư duy nhiệm kỳ",2025-10-31T11:20:00+07:00,accept,du_3_nhom,no,yes,0
https://thanhnien.vn/ha-noi-ngap-sau-mat-dien-nguoi-dan-bi-bom-loi-ve-nha-185251001090702031.htm,Thanh Nien,ngập Ha Noi,"Hà Nội: Ngập sâu, mất điện, người dân bì bõm lội về nhà",2025-10-01T11:03:00+07:00,accept,du_3_nhom,yes,yes,1
https://thanhnien.vn/toan-canh-17h-ngap-lut-kinh-hoang-o-ha-noi-tuyen-an-cuu-tong-giam-doc-cong-ty-sjc-185250930160951172.htm,Thanh Nien,ngập Ha Noi,Toàn cảnh 17h: Ngập lụt kinh hoàng ở Hà Nội | Tuyên án cựu Tổng giám đốc Công ty SJC,2025-09-30T17:00:00+07:00,accept,du_3_nhom,yes,yes,1
https://thanhnien.vn/ha-noi-ngap-sau-dich-vu-xe-keo-cong-xe-may-qua-bien-nuoc-no-ro-gia-bao-nhieu-luot-185250826150108966.htm,Thanh Nien,ngập Ha Noi,"Hà Nội ngập sâu, dịch vụ xe kéo cõng xe máy qua biển nước nở rộ: Giá bao nhiêu/lượt?",2025-08-26T15:30:00+07:00,accept,du_3_nhom,yes,yes,1
https://thanhnien.vn/lu-song-hong-dang-cao-vuot-xa-moc-lich-su-1968-ha-noi-nguy-co-ngap-nang-185240910141203995.htm,Thanh Nien,ngập Ha Noi,"Lũ sông Hồng dâng cao vượt xa mốc lịch sử 1968, Hà Nội nguy cơ ngập nặng",2024-09-10T15:26:00+07:00,accept,du_3_nhom,no,yes,0
https://thanhnien.vn/ha-noi-cam-nhieu-loai-xe-qua-cau-chuong-duong-giua-luc-nuoc-song-hong-dang-cao-185240910095231107.htm,Thanh Nien,ngập Ha Noi,Hà Nội cấm nhiều loại xe qua cầu Chương Dương giữa lúc nước sông Hồng dâng cao,2024-09-10T09:58:00+07:00,reject,thieu_nhom:A_ngap_lut,no,yes,0
https://thanhnien.vn/ha-noi-mua-ca-ngay-nhieu-tuyen-pho-chim-trong-bien-nuoc-18524072409064169.htm,Thanh Nien,ngập Ha Noi,"Hà Nội mưa cả ngày, nhiều tuyến phố chìm trong biển nước",2024-07-24T09:14:00+07:00,reject,thieu_nhom:A_ngap_lut,no,yes,0
https://thanhnien.vn/ha-noi-xuat-hien-lo-cot-du-an-chong-ngap-duong-nguyen-trai-tac-cang-them-tac-185260317185542339.htm,Thanh Nien,ngập Nguyễn Trãi,"Hà Nội: Xuất hiện lô cốt dự án chống ngập, đường Nguyễn Trãi tắc càng thêm tắc",2026-03-17T19:08:00+07:00,accept,du_3_nhom,no,yes,0
https://thanhnien.vn/mua-lon-dien-rong-ha-noi-canh-bao-hang-loat-diem-ngap-ung-185240911161805903.htm,Thanh Nien,ngập Đại lộ Thăng Long,"Mưa lớn diện rộng, Hà Nội cảnh báo hàng loạt điểm ngập úng",2024-09-11T16:38:00+07:00,accept,du_3_nhom,no,yes,0
https://vietnamnet.vn/nha-giau-cung-khoc-biet-thu-trieu-do-o-ha-noi-ngap-giua-bien-nuoc-2556080.html,VietnamNet,Hà Nội ngập,‘Nhà giàu cũng khóc’: Biệt thự triệu đô ở Hà Nội ngập giữa ‘biển nước’,2026-09-17T14:51:00+07:00,reject,thieu_nhom:B_giao_thong_tac_dong,no,yes,0
https://vietnamnet.vn/ha-noi-mua-lon-keo-dai-cac-cong-trinh-chong-ngap-khan-cap-hoat-dong-the-nao-2556038.html,VietnamNet,Hà Nội ngập,"Hà Nội mưa lớn kéo dài, các công trình chống ngập khẩn cấp hoạt động thế nào?",2026-09-17T11:48:00+07:00,accept,du_3_nhom,no,yes,0
